[
  {
    "model": "website.study",
    "pk": 1,
    "fields": {
      "name": "PreliminaryStudy"
    }
  },
  {
    "model": "website.study",
    "pk": 2,
    "fields": {
      "name": "MainStudy"
    }
  },
  {
    "model": "website.taskset",
    "pk": 1,
    "fields": {
      "name": "Letter and Number Series",
      "study": [
        1,
        2
      ]
    }
  },
  {
    "model": "website.taskset",
    "pk": 2,
    "fields": {
      "name": "Verbal Reasoning",
      "study": [
        1,
        2
      ]
    }
  },
  {
    "model": "website.taskset",
    "pk": 3,
    "fields": {
      "name": "Matrix Reasoning",
      "study": [
        1,
        2
      ]
    }
  },
  {
    "model": "website.taskset",
    "pk": 4,
    "fields": {
      "name": "Three-Dimensional Rotation",
      "study": [
        1,
        2
      ]
    }
  },
  {
    "model": "website.task",
    "pk": 1,
    "fields": {
      "description": "What number is one fifth of one fourth of one ninth of 900?",
      "details": "",
      "item": "VR4",
      "task_set": 2,
      "image_link": ""
    }
  },
  {
    "model": "website.task",
    "pk": 2,
    "fields": {
      "description": "Zach is taller than Matt and Richard is shorter than Zach. Which of the following statements would be most accurate?",
      "details": "",
      "item": "VR16",
      "task_set": 2,
      "image_link": ""
    }
  },
  {
    "model": "website.task",
    "pk": 3,
    "fields": {
      "description": "Joshua is 12 years old and his sister is three times as old as he. When Joshua is 23 years old, how old will his sister be?",
      "details": "",
      "item": "VR17",
      "task_set": 2,
      "image_link": ""
    }
  },
  {
    "model": "website.task",
    "pk": 4,
    "fields": {
      "description": "If the day after tomorrow is two days before Thursday then what day is it today?",
      "details": "",
      "item": "VR19",
      "task_set": 2,
      "image_link": ""
    }
  },
  {
    "model": "website.task",
    "pk": 5,
    "fields": {
      "description": "In the following alphanumeric series, what letter comes next?",
      "details": "K N P S U",
      "item": "LN7",
      "task_set": 1,
      "image_link": ""
    }
  },
  {
    "model": "website.task",
    "pk": 6,
    "fields": {
      "description": "In the following alphanumeric series, what letter comes next?",
      "details": "V Q M J H",
      "item": "LN33",
      "task_set": 1,
      "image_link": ""
    }
  },
  {
    "model": "website.task",
    "pk": 7,
    "fields": {
      "description": "In the following alphanumeric series, what letter comes next?",
      "details": "I J L O S",
      "item": "LN34",
      "task_set": 1,
      "image_link": ""
    }
  },
  {
    "model": "website.task",
    "pk": 8,
    "fields": {
      "description": "In the following alphanumeric series, what letter comes next?",
      "details": "Q S N P L",
      "item": "LN58",
      "task_set": 1,
      "image_link": ""
    }
  },
  {
    "model": "website.task",
    "pk": 9,
    "fields": {
      "description": "Please indicate which is the best answer to complete the figure below.",
      "details": "",
      "item": "MX45",
      "task_set": 3,
      "image_link": "icar/MX1.jpg"
    }
  },
  {
    "model": "website.task",
    "pk": 10,
    "fields": {
      "description": "Please indicate which is the best answer to complete the figure below.",
      "details": "",
      "item": "MX46",
      "task_set": 3,
      "image_link": "icar/MX2.jpg"
    }
  },
  {
    "model": "website.task",
    "pk": 11,
    "fields": {
      "description": "Please indicate which is the best answer to complete the figure below.",
      "details": "",
      "item": "MX47",
      "task_set": 3,
      "image_link": "icar/MX3.jpg"
    }
  },
  {
    "model": "website.task",
    "pk": 12,
    "fields": {
      "description": "Please indicate which is the best answer to complete the figure below.",
      "details": "",
      "item": "MX55",
      "task_set": 3,
      "image_link": "icar/MX4.jpg"
    }
  },
  {
    "model": "website.task",
    "pk": 13,
    "fields": {
      "description": "All the cubes below have a different image on each side. Select the choice that could represent a rotation of the cube labeled X.",
      "details": "",
      "item": "R3D3",
      "task_set": 4,
      "image_link": "icar/R3D1.png"
    }
  },
  {
    "model": "website.task",
    "pk": 14,
    "fields": {
      "description": "All the cubes below have a different image on each side. Select the choice that could represent a rotation of the cube labeled X.",
      "details": "",
      "item": "R3D4",
      "task_set": 4,
      "image_link": "icar/R3D2.png"
    }
  },
  {
    "model": "website.task",
    "pk": 15,
    "fields": {
      "description": "All the cubes below have a different image on each side. Select the choice that could represent a rotation of the cube labeled X.",
      "details": "",
      "item": "R3D6",
      "task_set": 4,
      "image_link": "icar/R3D3.png"
    }
  },
  {
    "model": "website.task",
    "pk": 16,
    "fields": {
      "description": "All the cubes below have a different image on each side. Select the choice that could represent a rotation of the cube labeled X.",
      "details": "",
      "item": "R3D8",
      "task_set": 4,
      "image_link": "icar/R3D4.png"
    }
  },
  {
    "model": "website.answerchoice",
    "pk": 1,
    "fields": {
      "text": "S",
      "task": 5,
      "correct_answer": false
    }
  },
  {
    "model": "website.answerchoice",
    "pk": 2,
    "fields": {
      "text": "T",
      "task": 5,
      "correct_answer": false
    }
  },
  {
    "model": "website.answerchoice",
    "pk": 3,
    "fields": {
      "text": "U",
      "task": 5,
      "correct_answer": false
    }
  },
  {
    "model": "website.answerchoice",
    "pk": 4,
    "fields": {
      "text": "V",
      "task": 5,
      "correct_answer": false
    }
  },
  {
    "model": "website.answerchoice",
    "pk": 5,
    "fields": {
      "text": "W",
      "task": 5,
      "correct_answer": false
    }
  },
  {
    "model": "website.answerchoice",
    "pk": 6,
    "fields": {
      "text": "X",
      "task": 5,
      "correct_answer": true
    }
  },
  {
    "model": "website.answerchoice",
    "pk": 7,
    "fields": {
      "text": "None of these",
      "task": 5,
      "correct_answer": false
    }
  },
  {
    "model": "website.answerchoice",
    "pk": 8,
    "fields": {
      "text": "I don't know",
      "task": 5,
      "correct_answer": false
    }
  },
  {
    "model": "website.answerchoice",
    "pk": 9,
    "fields": {
      "text": "E",
      "task": 6,
      "correct_answer": false
    }
  },
  {
    "model": "website.answerchoice",
    "pk": 10,
    "fields": {
      "text": "F",
      "task": 6,
      "correct_answer": false
    }
  },
  {
    "model": "website.answerchoice",
    "pk": 11,
    "fields": {
      "text": "G",
      "task": 6,
      "correct_answer": true
    }
  },
  {
    "model": "website.answerchoice",
    "pk": 12,
    "fields": {
      "text": "H",
      "task": 6,
      "correct_answer": false
    }
  },
  {
    "model": "website.answerchoice",
    "pk": 13,
    "fields": {
      "text": "I",
      "task": 6,
      "correct_answer": false
    }
  },
  {
    "model": "website.answerchoice",
    "pk": 14,
    "fields": {
      "text": "J",
      "task": 6,
      "correct_answer": false
    }
  },
  {
    "model": "website.answerchoice",
    "pk": 15,
    "fields": {
      "text": "None of these",
      "task": 6,
      "correct_answer": false
    }
  },
  {
    "model": "website.answerchoice",
    "pk": 16,
    "fields": {
      "text": "I don't know",
      "task": 6,
      "correct_answer": false
    }
  },
  {
    "model": "website.answerchoice",
    "pk": 17,
    "fields": {
      "text": "T",
      "task": 7,
      "correct_answer": false
    }
  },
  {
    "model": "website.answerchoice",
    "pk": 18,
    "fields": {
      "text": "U",
      "task": 7,
      "correct_answer": false
    }
  },
  {
    "model": "website.answerchoice",
    "pk": 19,
    "fields": {
      "text": "V",
      "task": 7,
      "correct_answer": false
    }
  },
  {
    "model": "website.answerchoice",
    "pk": 21,
    "fields": {
      "text": "X",
      "task": 7,
      "correct_answer": true
    }
  },
  {
    "model": "website.answerchoice",
    "pk": 22,
    "fields": {
      "text": "Y",
      "task": 7,
      "correct_answer": false
    }
  },
  {
    "model": "website.answerchoice",
    "pk": 23,
    "fields": {
      "text": "Z",
      "task": 7,
      "correct_answer": false
    }
  },
  {
    "model": "website.answerchoice",
    "pk": 24,
    "fields": {
      "text": "None of these",
      "task": 7,
      "correct_answer": false
    }
  },
  {
    "model": "website.answerchoice",
    "pk": 25,
    "fields": {
      "text": "I don't know",
      "task": 7,
      "correct_answer": false
    }
  },
  {
    "model": "website.answerchoice",
    "pk": 26,
    "fields": {
      "text": "J",
      "task": 8,
      "correct_answer": false
    }
  },
  {
    "model": "website.answerchoice",
    "pk": 27,
    "fields": {
      "text": "H",
      "task": 8,
      "correct_answer": false
    }
  },
  {
    "model": "website.answerchoice",
    "pk": 28,
    "fields": {
      "text": "I",
      "task": 8,
      "correct_answer": false
    }
  },
  {
    "model": "website.answerchoice",
    "pk": 29,
    "fields": {
      "text": "N",
      "task": 8,
      "correct_answer": true
    }
  },
  {
    "model": "website.answerchoice",
    "pk": 30,
    "fields": {
      "text": "M",
      "task": 8,
      "correct_answer": false
    }
  },
  {
    "model": "website.answerchoice",
    "pk": 31,
    "fields": {
      "text": "L",
      "task": 8,
      "correct_answer": false
    }
  },
  {
    "model": "website.answerchoice",
    "pk": 32,
    "fields": {
      "text": "None of these",
      "task": 8,
      "correct_answer": false
    }
  },
  {
    "model": "website.answerchoice",
    "pk": 33,
    "fields": {
      "text": "I don't know",
      "task": 8,
      "correct_answer": false
    }
  },
  {
    "model": "website.answerchoice",
    "pk": 34,
    "fields": {
      "text": "A",
      "task": 9,
      "correct_answer": false
    }
  },
  {
    "model": "website.answerchoice",
    "pk": 35,
    "fields": {
      "text": "B",
      "task": 9,
      "correct_answer": false
    }
  },
  {
    "model": "website.answerchoice",
    "pk": 36,
    "fields": {
      "text": "C",
      "task": 9,
      "correct_answer": false
    }
  },
  {
    "model": "website.answerchoice",
    "pk": 37,
    "fields": {
      "text": "D",
      "task": 9,
      "correct_answer": false
    }
  },
  {
    "model": "website.answerchoice",
    "pk": 38,
    "fields": {
      "text": "E",
      "task": 9,
      "correct_answer": true
    }
  },
  {
    "model": "website.answerchoice",
    "pk": 39,
    "fields": {
      "text": "F",
      "task": 9,
      "correct_answer": false
    }
  },
  {
    "model": "website.answerchoice",
    "pk": 40,
    "fields": {
      "text": "None of these",
      "task": 9,
      "correct_answer": false
    }
  },
  {
    "model": "website.answerchoice",
    "pk": 41,
    "fields": {
      "text": "I don't know",
      "task": 9,
      "correct_answer": false
    }
  },
  {
    "model": "website.answerchoice",
    "pk": 42,
    "fields": {
      "text": "A",
      "task": 10,
      "correct_answer": false
    }
  },
  {
    "model": "website.answerchoice",
    "pk": 43,
    "fields": {
      "text": "B",
      "task": 10,
      "correct_answer": true
    }
  },
  {
    "model": "website.answerchoice",
    "pk": 44,
    "fields": {
      "text": "C",
      "task": 10,
      "correct_answer": false
    }
  },
  {
    "model": "website.answerchoice",
    "pk": 45,
    "fields": {
      "text": "D",
      "task": 10,
      "correct_answer": false
    }
  },
  {
    "model": "website.answerchoice",
    "pk": 46,
    "fields": {
      "text": "E",
      "task": 10,
      "correct_answer": false
    }
  },
  {
    "model": "website.answerchoice",
    "pk": 47,
    "fields": {
      "text": "F",
      "task": 10,
      "correct_answer": false
    }
  },
  {
    "model": "website.answerchoice",
    "pk": 48,
    "fields": {
      "text": "None of these",
      "task": 10,
      "correct_answer": false
    }
  },
  {
    "model": "website.answerchoice",
    "pk": 49,
    "fields": {
      "text": "I don't know",
      "task": 10,
      "correct_answer": false
    }
  },
  {
    "model": "website.answerchoice",
    "pk": 50,
    "fields": {
      "text": "A",
      "task": 11,
      "correct_answer": false
    }
  },
  {
    "model": "website.answerchoice",
    "pk": 51,
    "fields": {
      "text": "B",
      "task": 11,
      "correct_answer": true
    }
  },
  {
    "model": "website.answerchoice",
    "pk": 52,
    "fields": {
      "text": "C",
      "task": 11,
      "correct_answer": false
    }
  },
  {
    "model": "website.answerchoice",
    "pk": 53,
    "fields": {
      "text": "D",
      "task": 11,
      "correct_answer": false
    }
  },
  {
    "model": "website.answerchoice",
    "pk": 54,
    "fields": {
      "text": "E",
      "task": 11,
      "correct_answer": false
    }
  },
  {
    "model": "website.answerchoice",
    "pk": 55,
    "fields": {
      "text": "F",
      "task": 11,
      "correct_answer": false
    }
  },
  {
    "model": "website.answerchoice",
    "pk": 56,
    "fields": {
      "text": "None of these",
      "task": 11,
      "correct_answer": false
    }
  },
  {
    "model": "website.answerchoice",
    "pk": 57,
    "fields": {
      "text": "I don't know",
      "task": 11,
      "correct_answer": false
    }
  },
  {
    "model": "website.answerchoice",
    "pk": 58,
    "fields": {
      "text": "A",
      "task": 12,
      "correct_answer": false
    }
  },
  {
    "model": "website.answerchoice",
    "pk": 59,
    "fields": {
      "text": "B",
      "task": 12,
      "correct_answer": false
    }
  },
  {
    "model": "website.answerchoice",
    "pk": 60,
    "fields": {
      "text": "C",
      "task": 12,
      "correct_answer": false
    }
  },
  {
    "model": "website.answerchoice",
    "pk": 61,
    "fields": {
      "text": "D",
      "task": 12,
      "correct_answer": true
    }
  },
  {
    "model": "website.answerchoice",
    "pk": 62,
    "fields": {
      "text": "E",
      "task": 12,
      "correct_answer": false
    }
  },
  {
    "model": "website.answerchoice",
    "pk": 63,
    "fields": {
      "text": "F",
      "task": 12,
      "correct_answer": false
    }
  },
  {
    "model": "website.answerchoice",
    "pk": 64,
    "fields": {
      "text": "None of these",
      "task": 12,
      "correct_answer": false
    }
  },
  {
    "model": "website.answerchoice",
    "pk": 65,
    "fields": {
      "text": "I don't know",
      "task": 12,
      "correct_answer": false
    }
  },
  {
    "model": "website.answerchoice",
    "pk": 66,
    "fields": {
      "text": "2",
      "task": 1,
      "correct_answer": false
    }
  },
  {
    "model": "website.answerchoice",
    "pk": 67,
    "fields": {
      "text": "3",
      "task": 1,
      "correct_answer": false
    }
  },
  {
    "model": "website.answerchoice",
    "pk": 68,
    "fields": {
      "text": "4",
      "task": 1,
      "correct_answer": false
    }
  },
  {
    "model": "website.answerchoice",
    "pk": 69,
    "fields": {
      "text": "5",
      "task": 1,
      "correct_answer": true
    }
  },
  {
    "model": "website.answerchoice",
    "pk": 70,
    "fields": {
      "text": "6",
      "task": 1,
      "correct_answer": false
    }
  },
  {
    "model": "website.answerchoice",
    "pk": 71,
    "fields": {
      "text": "7",
      "task": 1,
      "correct_answer": false
    }
  },
  {
    "model": "website.answerchoice",
    "pk": 72,
    "fields": {
      "text": "None of these",
      "task": 1,
      "correct_answer": false
    }
  },
  {
    "model": "website.answerchoice",
    "pk": 73,
    "fields": {
      "text": "I don't know",
      "task": 1,
      "correct_answer": false
    }
  },
  {
    "model": "website.answerchoice",
    "pk": 74,
    "fields": {
      "text": "Richard is taller than Matt",
      "task": 2,
      "correct_answer": false
    }
  },
  {
    "model": "website.answerchoice",
    "pk": 75,
    "fields": {
      "text": "Richard is shorter than Matt",
      "task": 2,
      "correct_answer": false
    }
  },
  {
    "model": "website.answerchoice",
    "pk": 76,
    "fields": {
      "text": "Richard is as tall as Matt",
      "task": 2,
      "correct_answer": false
    }
  },
  {
    "model": "website.answerchoice",
    "pk": 77,
    "fields": {
      "text": "It's impossible to tell",
      "task": 2,
      "correct_answer": true
    }
  },
  {
    "model": "website.answerchoice",
    "pk": 78,
    "fields": {
      "text": "Richard is taller than Zach",
      "task": 2,
      "correct_answer": false
    }
  },
  {
    "model": "website.answerchoice",
    "pk": 79,
    "fields": {
      "text": "Zach is shorter than Matt",
      "task": 2,
      "correct_answer": false
    }
  },
  {
    "model": "website.answerchoice",
    "pk": 80,
    "fields": {
      "text": "None of these",
      "task": 2,
      "correct_answer": false
    }
  },
  {
    "model": "website.answerchoice",
    "pk": 81,
    "fields": {
      "text": "I don't know",
      "task": 2,
      "correct_answer": false
    }
  },
  {
    "model": "website.answerchoice",
    "pk": 82,
    "fields": {
      "text": "35",
      "task": 3,
      "correct_answer": false
    }
  },
  {
    "model": "website.answerchoice",
    "pk": 83,
    "fields": {
      "text": "39",
      "task": 3,
      "correct_answer": false
    }
  },
  {
    "model": "website.answerchoice",
    "pk": 84,
    "fields": {
      "text": "44",
      "task": 3,
      "correct_answer": false
    }
  },
  {
    "model": "website.answerchoice",
    "pk": 85,
    "fields": {
      "text": "47",
      "task": 3,
      "correct_answer": true
    }
  },
  {
    "model": "website.answerchoice",
    "pk": 86,
    "fields": {
      "text": "53",
      "task": 3,
      "correct_answer": false
    }
  },
  {
    "model": "website.answerchoice",
    "pk": 87,
    "fields": {
      "text": "57",
      "task": 3,
      "correct_answer": false
    }
  },
  {
    "model": "website.answerchoice",
    "pk": 88,
    "fields": {
      "text": "None of these",
      "task": 3,
      "correct_answer": false
    }
  },
  {
    "model": "website.answerchoice",
    "pk": 89,
    "fields": {
      "text": "I don't know",
      "task": 3,
      "correct_answer": false
    }
  },
  {
    "model": "website.answerchoice",
    "pk": 90,
    "fields": {
      "text": "Friday",
      "task": 4,
      "correct_answer": false
    }
  },
  {
    "model": "website.answerchoice",
    "pk": 91,
    "fields": {
      "text": "Monday",
      "task": 4,
      "correct_answer": false
    }
  },
  {
    "model": "website.answerchoice",
    "pk": 92,
    "fields": {
      "text": "Wednesday",
      "task": 4,
      "correct_answer": false
    }
  },
  {
    "model": "website.answerchoice",
    "pk": 93,
    "fields": {
      "text": "Saturday",
      "task": 4,
      "correct_answer": false
    }
  },
  {
    "model": "website.answerchoice",
    "pk": 94,
    "fields": {
      "text": "Tuesday",
      "task": 4,
      "correct_answer": false
    }
  },
  {
    "model": "website.answerchoice",
    "pk": 95,
    "fields": {
      "text": "Sunday",
      "task": 4,
      "correct_answer": true
    }
  },
  {
    "model": "website.answerchoice",
    "pk": 96,
    "fields": {
      "text": "None of these",
      "task": 4,
      "correct_answer": false
    }
  },
  {
    "model": "website.answerchoice",
    "pk": 97,
    "fields": {
      "text": "I don't know",
      "task": 4,
      "correct_answer": false
    }
  },
  {
    "model": "website.answerchoice",
    "pk": 98,
    "fields": {
      "text": "A",
      "task": 13,
      "correct_answer": false
    }
  },
  {
    "model": "website.answerchoice",
    "pk": 99,
    "fields": {
      "text": "B",
      "task": 13,
      "correct_answer": false
    }
  },
  {
    "model": "website.answerchoice",
    "pk": 100,
    "fields": {
      "text": "C",
      "task": 13,
      "correct_answer": true
    }
  },
  {
    "model": "website.answerchoice",
    "pk": 101,
    "fields": {
      "text": "D",
      "task": 13,
      "correct_answer": false
    }
  },
  {
    "model": "website.answerchoice",
    "pk": 102,
    "fields": {
      "text": "E",
      "task": 13,
      "correct_answer": false
    }
  },
  {
    "model": "website.answerchoice",
    "pk": 103,
    "fields": {
      "text": "F",
      "task": 13,
      "correct_answer": false
    }
  },
  {
    "model": "website.answerchoice",
    "pk": 104,
    "fields": {
      "text": "G",
      "task": 13,
      "correct_answer": false
    }
  },
  {
    "model": "website.answerchoice",
    "pk": 105,
    "fields": {
      "text": "H",
      "task": 13,
      "correct_answer": false
    }
  },
  {
    "model": "website.answerchoice",
    "pk": 106,
    "fields": {
      "text": "A",
      "task": 14,
      "correct_answer": false
    }
  },
  {
    "model": "website.answerchoice",
    "pk": 107,
    "fields": {
      "text": "B",
      "task": 14,
      "correct_answer": true
    }
  },
  {
    "model": "website.answerchoice",
    "pk": 108,
    "fields": {
      "text": "C",
      "task": 14,
      "correct_answer": false
    }
  },
  {
    "model": "website.answerchoice",
    "pk": 109,
    "fields": {
      "text": "D",
      "task": 14,
      "correct_answer": false
    }
  },
  {
    "model": "website.answerchoice",
    "pk": 110,
    "fields": {
      "text": "E",
      "task": 14,
      "correct_answer": false
    }
  },
  {
    "model": "website.answerchoice",
    "pk": 111,
    "fields": {
      "text": "F",
      "task": 14,
      "correct_answer": false
    }
  },
  {
    "model": "website.answerchoice",
    "pk": 112,
    "fields": {
      "text": "G",
      "task": 14,
      "correct_answer": false
    }
  },
  {
    "model": "website.answerchoice",
    "pk": 113,
    "fields": {
      "text": "H",
      "task": 14,
      "correct_answer": false
    }
  },
  {
    "model": "website.answerchoice",
    "pk": 114,
    "fields": {
      "text": "A",
      "task": 15,
      "correct_answer": false
    }
  },
  {
    "model": "website.answerchoice",
    "pk": 115,
    "fields": {
      "text": "B",
      "task": 15,
      "correct_answer": false
    }
  },
  {
    "model": "website.answerchoice",
    "pk": 116,
    "fields": {
      "text": "C",
      "task": 15,
      "correct_answer": false
    }
  },
  {
    "model": "website.answerchoice",
    "pk": 117,
    "fields": {
      "text": "D",
      "task": 15,
      "correct_answer": false
    }
  },
  {
    "model": "website.answerchoice",
    "pk": 118,
    "fields": {
      "text": "E",
      "task": 15,
      "correct_answer": false
    }
  },
  {
    "model": "website.answerchoice",
    "pk": 119,
    "fields": {
      "text": "F",
      "task": 15,
      "correct_answer": true
    }
  },
  {
    "model": "website.answerchoice",
    "pk": 120,
    "fields": {
      "text": "G",
      "task": 15,
      "correct_answer": false
    }
  },
  {
    "model": "website.answerchoice",
    "pk": 121,
    "fields": {
      "text": "H",
      "task": 15,
      "correct_answer": false
    }
  },
  {
    "model": "website.answerchoice",
    "pk": 122,
    "fields": {
      "text": "A",
      "task": 16,
      "correct_answer": false
    }
  },
  {
    "model": "website.answerchoice",
    "pk": 123,
    "fields": {
      "text": "B",
      "task": 16,
      "correct_answer": false
    }
  },
  {
    "model": "website.answerchoice",
    "pk": 124,
    "fields": {
      "text": "C",
      "task": 16,
      "correct_answer": false
    }
  },
  {
    "model": "website.answerchoice",
    "pk": 125,
    "fields": {
      "text": "D",
      "task": 16,
      "correct_answer": false
    }
  },
  {
    "model": "website.answerchoice",
    "pk": 126,
    "fields": {
      "text": "E",
      "task": 16,
      "correct_answer": false
    }
  },
  {
    "model": "website.answerchoice",
    "pk": 127,
    "fields": {
      "text": "F",
      "task": 16,
      "correct_answer": false
    }
  },
  {
    "model": "website.answerchoice",
    "pk": 128,
    "fields": {
      "text": "G",
      "task": 16,
      "correct_answer": true
    }
  },
  {
    "model": "website.answerchoice",
    "pk": 129,
    "fields": {
      "text": "H",
      "task": 16,
      "correct_answer": false
    }
  },
  {
    "model": "website.questionnaire",
    "pk": 1,
    "fields": {
      "name": "Intrinsic Motivation Inventory",
      "study": [
        1,
        2
      ]
    }
  },
  {
    "model": "website.questionnaire",
    "pk": 2,
    "fields": {
      "name": "PANAS",
      "study": [
        1,
        2
      ]
    }
  },
  {
    "model": "website.question",
    "pk": 1,
    "fields": {
      "text": "While I was working on the task I was thinking about how much I enjoyed it.",
      "questionnaire": 1
    }
  },
  {
    "model": "website.question",
    "pk": 2,
    "fields": {
      "text": "I did not feel at all nervous about doing the task.",
      "questionnaire": 1
    }
  },
  {
    "model": "website.question",
    "pk": 3,
    "fields": {
      "text": "I felt that it was my choice to do the task.",
      "questionnaire": 1
    }
  },
  {
    "model": "website.question",
    "pk": 4,
    "fields": {
      "text": "I think I am pretty good at this task.",
      "questionnaire": 1
    }
  },
  {
    "model": "website.question",
    "pk": 5,
    "fields": {
      "text": "I found the task very interesting.",
      "questionnaire": 1
    }
  },
  {
    "model": "website.question",
    "pk": 6,
    "fields": {
      "text": "I felt tense while doing the task.",
      "questionnaire": 1
    }
  },
  {
    "model": "website.question",
    "pk": 7,
    "fields": {
      "text": "I think I did pretty well at this activity, compared to other participants.",
      "questionnaire": 1
    }
  },
  {
    "model": "website.question",
    "pk": 8,
    "fields": {
      "text": "Doing the task was fun.",
      "questionnaire": 1
    }
  },
  {
    "model": "website.question",
    "pk": 9,
    "fields": {
      "text": "I felt relaxed while doing the task.",
      "questionnaire": 1
    }
  },
  {
    "model": "website.question",
    "pk": 10,
    "fields": {
      "text": "I enjoyed doing the task very much.",
      "questionnaire": 1
    }
  },
  {
    "model": "website.question",
    "pk": 11,
    "fields": {
      "text": "I didn't really have a choice about doing the task.",
      "questionnaire": 1
    }
  },
  {
    "model": "website.question",
    "pk": 12,
    "fields": {
      "text": "I am satisfied with my performance at this task.",
      "questionnaire": 1
    }
  },
  {
    "model": "website.question",
    "pk": 13,
    "fields": {
      "text": "I was anxious while doing thask.",
      "questionnaire": 1
    }
  },
  {
    "model": "website.question",
    "pk": 14,
    "fields": {
      "text": "I thought the task was very boring.",
      "questionnaire": 1
    }
  },
  {
    "model": "website.question",
    "pk": 15,
    "fields": {
      "text": "I felt like I was doing what I wanted to do while I was working on the task.",
      "questionnaire": 1
    }
  },
  {
    "model": "website.question",
    "pk": 16,
    "fields": {
      "text": "I felt pretty skilled at this task.",
      "questionnaire": 1
    }
  },
  {
    "model": "website.question",
    "pk": 17,
    "fields": {
      "text": "I thought the task was very interesting.",
      "questionnaire": 1
    }
  },
  {
    "model": "website.question",
    "pk": 18,
    "fields": {
      "text": "I felt pressured while doing the task.",
      "questionnaire": 1
    }
  },
  {
    "model": "website.question",
    "pk": 19,
    "fields": {
      "text": "I felt like I had to do the the task.",
      "questionnaire": 1
    }
  },
  {
    "model": "website.question",
    "pk": 20,
    "fields": {
      "text": "I would describe the task as very enjoyable.",
      "questionnaire": 1
    }
  },
  {
    "model": "website.question",
    "pk": 21,
    "fields": {
      "text": "I did the task because I had no choice.",
      "questionnaire": 1
    }
  },
  {
    "model": "website.question",
    "pk": 22,
    "fields": {
      "text": "After working at this task for awhile, I felt pretty competent.",
      "questionnaire": 1
    }
  },
  {
    "model": "website.question",
    "pk": 29,
    "fields": {
      "text": "active",
      "questionnaire": 2
    }
  },
  {
    "model": "website.question",
    "pk": 30,
    "fields": {
      "text": "distressed",
      "questionnaire": 2
    }
  },
  {
    "model": "website.question",
    "pk": 31,
    "fields": {
      "text": "interested",
      "questionnaire": 2
    }
  },
  {
    "model": "website.question",
    "pk": 32,
    "fields": {
      "text": "excited",
      "questionnaire": 2
    }
  },
  {
    "model": "website.question",
    "pk": 33,
    "fields": {
      "text": "upset",
      "questionnaire": 2
    }
  },
  {
    "model": "website.question",
    "pk": 34,
    "fields": {
      "text": "strong",
      "questionnaire": 2
    }
  },
  {
    "model": "website.question",
    "pk": 35,
    "fields": {
      "text": "guilty",
      "questionnaire": 2
    }
  },
  {
    "model": "website.question",
    "pk": 36,
    "fields": {
      "text": "scared",
      "questionnaire": 2
    }
  },
  {
    "model": "website.question",
    "pk": 37,
    "fields": {
      "text": "hostile",
      "questionnaire": 2
    }
  },
  {
    "model": "website.question",
    "pk": 38,
    "fields": {
      "text": "inspired",
      "questionnaire": 2
    }
  },
  {
    "model": "website.question",
    "pk": 39,
    "fields": {
      "text": "proud",
      "questionnaire": 2
    }
  },
  {
    "model": "website.question",
    "pk": 40,
    "fields": {
      "text": "irritable",
      "questionnaire": 2
    }
  },
  {
    "model": "website.question",
    "pk": 41,
    "fields": {
      "text": "enthusiastic",
      "questionnaire": 2
    }
  },
  {
    "model": "website.question",
    "pk": 42,
    "fields": {
      "text": "ashamed",
      "questionnaire": 2
    }
  },
  {
    "model": "website.question",
    "pk": 43,
    "fields": {
      "text": "alert",
      "questionnaire": 2
    }
  },
  {
    "model": "website.question",
    "pk": 44,
    "fields": {
      "text": "nervous",
      "questionnaire": 2
    }
  },
  {
    "model": "website.question",
    "pk": 45,
    "fields": {
      "text": "determined",
      "questionnaire": 2
    }
  },
  {
    "model": "website.question",
    "pk": 46,
    "fields": {
      "text": "attentive",
      "questionnaire": 2
    }
  },
  {
    "model": "website.question",
    "pk": 47,
    "fields": {
      "text": "jittery",
      "questionnaire": 2
    }
  },
  {
    "model": "website.question",
    "pk": 48,
    "fields": {
      "text": "afraid",
      "questionnaire": 2
    }
  },
  {
    "model": "website.submission",
    "pk": 61,
    "fields": {
      "study": 1,
      "session": "4rbsd7l2ff11zbfush06pk1abbpx7r43",
      "list_p1": "[<Task: Task object (3)>, <Task: Task object (16)>, <Task: Task object (9)>, <Task: Task object (5)>]",
      "list_p2": "[<Task: Task object (4)>, <Task: Task object (12)>, <Task: Task object (8)>, <Task: Task object (13)>]",
      "list_m1": "[<Task: Task object (7)>, <Task: Task object (15)>, <Task: Task object (10)>, <Task: Task object (11)>]",
      "list_m2": "[<Task: Task object (1)>, <Task: Task object (2)>, <Task: Task object (6)>, <Task: Task object (14)>]",
      "terms_agree": false,
      "age": null,
      "framing": null,
      "gender": null,
      "finished": false,
      "suspect_deception": null,
      "request_delete": false
    }
  },
  {
    "model": "website.submission",
    "pk": 62,
    "fields": {
      "study": 1,
      "session": "2as9fms9pbplavz025owewkjpixz33uc",
      "list_p1": "[<Task: Task object (13)>, <Task: Task object (8)>, <Task: Task object (15)>, <Task: Task object (9)>]",
      "list_p2": "[<Task: Task object (4)>, <Task: Task object (1)>, <Task: Task object (10)>, <Task: Task object (6)>]",
      "list_m1": "[<Task: Task object (7)>, <Task: Task object (11)>, <Task: Task object (2)>, <Task: Task object (14)>]",
      "list_m2": "[<Task: Task object (12)>, <Task: Task object (5)>, <Task: Task object (16)>, <Task: Task object (3)>]",
      "terms_agree": true,
      "age": 77,
      "framing": 2,
      "gender": "male",
      "finished": true,
      "suspect_deception": "--",
      "request_delete": true
    }
  },
  {
    "model": "website.submission",
    "pk": 63,
    "fields": {
      "study": 1,
      "session": "0ca02earx34j7l1r3sakpf2ah83s9zoh",
      "list_p1": "[<Task: Task object (6)>, <Task: Task object (12)>, <Task: Task object (2)>, <Task: Task object (10)>]",
      "list_p2": "[<Task: Task object (3)>, <Task: Task object (14)>, <Task: Task object (5)>, <Task: Task object (15)>]",
      "list_m1": "[<Task: Task object (7)>, <Task: Task object (13)>, <Task: Task object (1)>, <Task: Task object (4)>]",
      "list_m2": "[<Task: Task object (16)>, <Task: Task object (9)>, <Task: Task object (8)>, <Task: Task object (11)>]",
      "terms_agree": false,
      "age": null,
      "framing": null,
      "gender": null,
      "finished": false,
      "suspect_deception": null,
      "request_delete": false
    }
  },
  {
    "model": "website.submission",
    "pk": 64,
    "fields": {
      "study": 1,
      "session": "tw06u42gdlplkrje3o606zloq6u71guh",
      "list_p1": "[<Task: Task object (4)>, <Task: Task object (8)>, <Task: Task object (16)>, <Task: Task object (6)>]",
      "list_p2": "[<Task: Task object (14)>, <Task: Task object (11)>, <Task: Task object (2)>, <Task: Task object (10)>]",
      "list_m1": "[<Task: Task object (3)>, <Task: Task object (9)>, <Task: Task object (1)>, <Task: Task object (12)>]",
      "list_m2": "[<Task: Task object (7)>, <Task: Task object (5)>, <Task: Task object (15)>, <Task: Task object (13)>]",
      "terms_agree": false,
      "age": null,
      "framing": null,
      "gender": null,
      "finished": false,
      "suspect_deception": null,
      "request_delete": false
    }
  },
  {
    "model": "website.submission",
    "pk": 65,
    "fields": {
      "study": 1,
      "session": "izh91c7yk5zflitlxrsldhsy3kwk7y2u",
      "list_p1": "[<Task: Task object (3)>, <Task: Task object (6)>, <Task: Task object (5)>, <Task: Task object (14)>]",
      "list_p2": "[<Task: Task object (10)>, <Task: Task object (4)>, <Task: Task object (9)>, <Task: Task object (16)>]",
      "list_m1": "[<Task: Task object (12)>, <Task: Task object (13)>, <Task: Task object (15)>, <Task: Task object (11)>]",
      "list_m2": "[<Task: Task object (2)>, <Task: Task object (1)>, <Task: Task object (8)>, <Task: Task object (7)>]",
      "terms_agree": true,
      "age": 6,
      "framing": 2,
      "gender": "prefer not to say",
      "finished": false,
      "suspect_deception": null,
      "request_delete": false
    }
  },
  {
    "model": "website.submission",
    "pk": 66,
    "fields": {
      "study": 1,
      "session": "eno01srp56asbqfqe7l5891zzaya5le9",
      "list_p1": "[<Task: Task object (16)>, <Task: Task object (4)>, <Task: Task object (15)>, <Task: Task object (1)>]",
      "list_p2": "[<Task: Task object (6)>, <Task: Task object (9)>, <Task: Task object (7)>, <Task: Task object (10)>]",
      "list_m1": "[<Task: Task object (8)>, <Task: Task object (13)>, <Task: Task object (2)>, <Task: Task object (12)>]",
      "list_m2": "[<Task: Task object (14)>, <Task: Task object (3)>, <Task: Task object (11)>, <Task: Task object (5)>]",
      "terms_agree": true,
      "age": 15,
      "framing": 1,
      "gender": "male",
      "finished": true,
      "suspect_deception": "-",
      "request_delete": true
    }
  },
  {
    "model": "website.submission",
    "pk": 69,
    "fields": {
      "study": 1,
      "session": "f60oyb6bx37llvc3qtrc8owjex0wdr7e",
      "list_p1": "[<Task: Task object (4)>, <Task: Task object (3)>, <Task: Task object (15)>, <Task: Task object (10)>]",
      "list_p2": "[<Task: Task object (6)>, <Task: Task object (14)>, <Task: Task object (8)>, <Task: Task object (11)>]",
      "list_m1": "[<Task: Task object (7)>, <Task: Task object (16)>, <Task: Task object (12)>, <Task: Task object (9)>]",
      "list_m2": "[<Task: Task object (5)>, <Task: Task object (13)>, <Task: Task object (2)>, <Task: Task object (1)>]",
      "terms_agree": false,
      "age": null,
      "framing": null,
      "gender": null,
      "finished": false,
      "suspect_deception": null,
      "request_delete": false
    }
  },
  {
    "model": "website.submission",
    "pk": 70,
    "fields": {
      "study": 1,
      "session": "sqs7x1jgga1kr0zq54u74zchpm7r6jar",
      "list_p1": "[<Task: Task object (6)>, <Task: Task object (12)>, <Task: Task object (3)>, <Task: Task object (2)>]",
      "list_p2": "[<Task: Task object (15)>, <Task: Task object (16)>, <Task: Task object (10)>, <Task: Task object (5)>]",
      "list_m1": "[<Task: Task object (1)>, <Task: Task object (7)>, <Task: Task object (4)>, <Task: Task object (13)>]",
      "list_m2": "[<Task: Task object (8)>, <Task: Task object (14)>, <Task: Task object (11)>, <Task: Task object (9)>]",
      "terms_agree": false,
      "age": null,
      "framing": null,
      "gender": null,
      "finished": false,
      "suspect_deception": null,
      "request_delete": false
    }
  },
  {
    "model": "website.submission",
    "pk": 72,
    "fields": {
      "study": 1,
      "session": "vktw7rcjh1wov32ah8lvrgvtgt1xro3k",
      "list_p1": "[<Task: Task object (7)>, <Task: Task object (3)>, <Task: Task object (15)>, <Task: Task object (14)>]",
      "list_p2": "[<Task: Task object (12)>, <Task: Task object (8)>, <Task: Task object (11)>, <Task: Task object (1)>]",
      "list_m1": "[<Task: Task object (13)>, <Task: Task object (9)>, <Task: Task object (5)>, <Task: Task object (2)>]",
      "list_m2": "[<Task: Task object (10)>, <Task: Task object (6)>, <Task: Task object (4)>, <Task: Task object (16)>]",
      "terms_agree": false,
      "age": null,
      "framing": null,
      "gender": null,
      "finished": false,
      "suspect_deception": null,
      "request_delete": false
    }
  },
  {
    "model": "website.submission",
    "pk": 75,
    "fields": {
      "study": 1,
      "session": "yzfb6afbomcja5z4hehsw9jvgr8gmuh1",
      "list_p1": "[<Task: Task object (4)>, <Task: Task object (8)>, <Task: Task object (7)>, <Task: Task object (2)>]",
      "list_p2": "[<Task: Task object (15)>, <Task: Task object (9)>, <Task: Task object (10)>, <Task: Task object (16)>]",
      "list_m1": "[<Task: Task object (5)>, <Task: Task object (14)>, <Task: Task object (3)>, <Task: Task object (1)>]",
      "list_m2": "[<Task: Task object (12)>, <Task: Task object (11)>, <Task: Task object (6)>, <Task: Task object (13)>]",
      "terms_agree": true,
      "age": 10,
      "framing": 2,
      "gender": "other",
      "finished": true,
      "suspect_deception": "-",
      "request_delete": false
    }
  },
  {
    "model": "website.submission",
    "pk": 76,
    "fields": {
      "study": 1,
      "session": "f9f4p4ucga7r7inr3sowfxgucb36nx4e",
      "list_p1": "[<Task: Task object (11)>, <Task: Task object (1)>, <Task: Task object (16)>, <Task: Task object (13)>]",
      "list_p2": "[<Task: Task object (5)>, <Task: Task object (12)>, <Task: Task object (8)>, <Task: Task object (3)>]",
      "list_m1": "[<Task: Task object (14)>, <Task: Task object (9)>, <Task: Task object (15)>, <Task: Task object (4)>]",
      "list_m2": "[<Task: Task object (2)>, <Task: Task object (7)>, <Task: Task object (10)>, <Task: Task object (6)>]",
      "terms_agree": false,
      "age": null,
      "framing": null,
      "gender": null,
      "finished": false,
      "suspect_deception": null,
      "request_delete": false
    }
  },
  {
    "model": "website.submission",
    "pk": 94,
    "fields": {
      "study": 1,
      "session": "9l7h9ygyh8s2uvssm4vzhbpfy1oalj1u",
      "list_p1": "[<Task: Task object (3)>, <Task: Task object (7)>, <Task: Task object (12)>, <Task: Task object (14)>]",
      "list_p2": "[<Task: Task object (11)>, <Task: Task object (4)>, <Task: Task object (6)>, <Task: Task object (15)>]",
      "list_m1": "[<Task: Task object (16)>, <Task: Task object (2)>, <Task: Task object (10)>, <Task: Task object (13)>]",
      "list_m2": "[<Task: Task object (9)>, <Task: Task object (5)>, <Task: Task object (1)>, <Task: Task object (8)>]",
      "terms_agree": false,
      "age": null,
      "framing": null,
      "gender": null,
      "finished": false,
      "suspect_deception": null,
      "request_delete": false
    }
  },
  {
    "model": "website.submission",
    "pk": 97,
    "fields": {
      "study": 1,
      "session": "71vzfvi67knzvkcr3e1af5jgsmw6eqx0",
      "list_p1": "[<Task: Task object (5)>, <Task: Task object (14)>, <Task: Task object (2)>, <Task: Task object (11)>]",
      "list_p2": "[<Task: Task object (6)>, <Task: Task object (15)>, <Task: Task object (3)>, <Task: Task object (12)>]",
      "list_m1": "[<Task: Task object (4)>, <Task: Task object (9)>, <Task: Task object (10)>, <Task: Task object (8)>]",
      "list_m2": "[<Task: Task object (7)>, <Task: Task object (16)>, <Task: Task object (1)>, <Task: Task object (13)>]",
      "terms_agree": true,
      "age": 3,
      "framing": 2,
      "gender": "female",
      "finished": true,
      "suspect_deception": null,
      "request_delete": false
    }
  },
  {
    "model": "website.submission",
    "pk": 98,
    "fields": {
      "study": 1,
      "session": "kq9q5hirfioilwi2u35clqdklzo56iwn",
      "list_p1": "[<Task: Task object (3)>, <Task: Task object (9)>, <Task: Task object (8)>, <Task: Task object (11)>]",
      "list_p2": "[<Task: Task object (13)>, <Task: Task object (6)>, <Task: Task object (1)>, <Task: Task object (16)>]",
      "list_m1": "[<Task: Task object (5)>, <Task: Task object (7)>, <Task: Task object (2)>, <Task: Task object (15)>]",
      "list_m2": "[<Task: Task object (14)>, <Task: Task object (4)>, <Task: Task object (10)>, <Task: Task object (12)>]",
      "terms_agree": false,
      "age": null,
      "framing": null,
      "gender": null,
      "finished": false,
      "suspect_deception": null,
      "request_delete": false
    }
  },
  {
    "model": "website.submission",
    "pk": 99,
    "fields": {
      "study": 1,
      "session": "5ub9hs3ifae8ji7edy0x2wjgoguir1ud",
      "list_p1": "[<Task: Task object (11)>, <Task: Task object (8)>, <Task: Task object (3)>, <Task: Task object (4)>]",
      "list_p2": "[<Task: Task object (10)>, <Task: Task object (6)>, <Task: Task object (13)>, <Task: Task object (15)>]",
      "list_m1": "[<Task: Task object (5)>, <Task: Task object (2)>, <Task: Task object (12)>, <Task: Task object (1)>]",
      "list_m2": "[<Task: Task object (9)>, <Task: Task object (14)>, <Task: Task object (7)>, <Task: Task object (16)>]",
      "terms_agree": false,
      "age": null,
      "framing": null,
      "gender": null,
      "finished": false,
      "suspect_deception": null,
      "request_delete": false
    }
  },
  {
    "model": "website.questionnairesubmission",
    "pk": 547,
    "fields": {
      "submission": 75,
      "session": "yzfb6afbomcja5z4hehsw9jvgr8gmuh1",
      "question_id": 1,
      "name": "IMI",
      "type": "pre",
      "item": "1",
      "answer": "3"
    }
  },
  {
    "model": "website.questionnairesubmission",
    "pk": 548,
    "fields": {
      "submission": 75,
      "session": "yzfb6afbomcja5z4hehsw9jvgr8gmuh1",
      "question_id": 2,
      "name": "IMI",
      "type": "pre",
      "item": "2",
      "answer": "4"
    }
  },
  {
    "model": "website.questionnairesubmission",
    "pk": 549,
    "fields": {
      "submission": 75,
      "session": "yzfb6afbomcja5z4hehsw9jvgr8gmuh1",
      "question_id": 3,
      "name": "IMI",
      "type": "pre",
      "item": "3",
      "answer": "2"
    }
  },
  {
    "model": "website.questionnairesubmission",
    "pk": 550,
    "fields": {
      "submission": 75,
      "session": "yzfb6afbomcja5z4hehsw9jvgr8gmuh1",
      "question_id": 4,
      "name": "IMI",
      "type": "pre",
      "item": "4",
      "answer": "2"
    }
  },
  {
    "model": "website.questionnairesubmission",
    "pk": 551,
    "fields": {
      "submission": 75,
      "session": "yzfb6afbomcja5z4hehsw9jvgr8gmuh1",
      "question_id": 5,
      "name": "IMI",
      "type": "pre",
      "item": "5",
      "answer": "2"
    }
  },
  {
    "model": "website.questionnairesubmission",
    "pk": 552,
    "fields": {
      "submission": 75,
      "session": "yzfb6afbomcja5z4hehsw9jvgr8gmuh1",
      "question_id": 6,
      "name": "IMI",
      "type": "pre",
      "item": "6",
      "answer": "2"
    }
  },
  {
    "model": "website.questionnairesubmission",
    "pk": 553,
    "fields": {
      "submission": 75,
      "session": "yzfb6afbomcja5z4hehsw9jvgr8gmuh1",
      "question_id": 7,
      "name": "IMI",
      "type": "pre",
      "item": "7",
      "answer": "3"
    }
  },
  {
    "model": "website.questionnairesubmission",
    "pk": 554,
    "fields": {
      "submission": 75,
      "session": "yzfb6afbomcja5z4hehsw9jvgr8gmuh1",
      "question_id": 8,
      "name": "IMI",
      "type": "pre",
      "item": "8",
      "answer": "2"
    }
  },
  {
    "model": "website.questionnairesubmission",
    "pk": 555,
    "fields": {
      "submission": 75,
      "session": "yzfb6afbomcja5z4hehsw9jvgr8gmuh1",
      "question_id": 9,
      "name": "IMI",
      "type": "pre",
      "item": "9",
      "answer": "2"
    }
  },
  {
    "model": "website.questionnairesubmission",
    "pk": 556,
    "fields": {
      "submission": 75,
      "session": "yzfb6afbomcja5z4hehsw9jvgr8gmuh1",
      "question_id": 10,
      "name": "IMI",
      "type": "pre",
      "item": "10",
      "answer": "2"
    }
  },
  {
    "model": "website.questionnairesubmission",
    "pk": 557,
    "fields": {
      "submission": 75,
      "session": "yzfb6afbomcja5z4hehsw9jvgr8gmuh1",
      "question_id": 11,
      "name": "IMI",
      "type": "pre",
      "item": "11",
      "answer": "2"
    }
  },
  {
    "model": "website.questionnairesubmission",
    "pk": 558,
    "fields": {
      "submission": 75,
      "session": "yzfb6afbomcja5z4hehsw9jvgr8gmuh1",
      "question_id": 12,
      "name": "IMI",
      "type": "pre",
      "item": "12",
      "answer": "2"
    }
  },
  {
    "model": "website.questionnairesubmission",
    "pk": 559,
    "fields": {
      "submission": 75,
      "session": "yzfb6afbomcja5z4hehsw9jvgr8gmuh1",
      "question_id": 13,
      "name": "IMI",
      "type": "pre",
      "item": "13",
      "answer": "2"
    }
  },
  {
    "model": "website.questionnairesubmission",
    "pk": 560,
    "fields": {
      "submission": 75,
      "session": "yzfb6afbomcja5z4hehsw9jvgr8gmuh1",
      "question_id": 14,
      "name": "IMI",
      "type": "pre",
      "item": "14",
      "answer": "2"
    }
  },
  {
    "model": "website.questionnairesubmission",
    "pk": 561,
    "fields": {
      "submission": 75,
      "session": "yzfb6afbomcja5z4hehsw9jvgr8gmuh1",
      "question_id": 15,
      "name": "IMI",
      "type": "pre",
      "item": "15",
      "answer": "2"
    }
  },
  {
    "model": "website.questionnairesubmission",
    "pk": 562,
    "fields": {
      "submission": 75,
      "session": "yzfb6afbomcja5z4hehsw9jvgr8gmuh1",
      "question_id": 16,
      "name": "IMI",
      "type": "pre",
      "item": "16",
      "answer": "2"
    }
  },
  {
    "model": "website.questionnairesubmission",
    "pk": 563,
    "fields": {
      "submission": 75,
      "session": "yzfb6afbomcja5z4hehsw9jvgr8gmuh1",
      "question_id": 17,
      "name": "IMI",
      "type": "pre",
      "item": "17",
      "answer": "2"
    }
  },
  {
    "model": "website.questionnairesubmission",
    "pk": 564,
    "fields": {
      "submission": 75,
      "session": "yzfb6afbomcja5z4hehsw9jvgr8gmuh1",
      "question_id": 18,
      "name": "IMI",
      "type": "pre",
      "item": "18",
      "answer": "2"
    }
  },
  {
    "model": "website.questionnairesubmission",
    "pk": 565,
    "fields": {
      "submission": 75,
      "session": "yzfb6afbomcja5z4hehsw9jvgr8gmuh1",
      "question_id": 19,
      "name": "IMI",
      "type": "pre",
      "item": "19",
      "answer": "2"
    }
  },
  {
    "model": "website.questionnairesubmission",
    "pk": 566,
    "fields": {
      "submission": 75,
      "session": "yzfb6afbomcja5z4hehsw9jvgr8gmuh1",
      "question_id": 20,
      "name": "IMI",
      "type": "pre",
      "item": "20",
      "answer": "3"
    }
  },
  {
    "model": "website.questionnairesubmission",
    "pk": 567,
    "fields": {
      "submission": 75,
      "session": "yzfb6afbomcja5z4hehsw9jvgr8gmuh1",
      "question_id": 21,
      "name": "IMI",
      "type": "pre",
      "item": "21",
      "answer": "2"
    }
  },
  {
    "model": "website.questionnairesubmission",
    "pk": 568,
    "fields": {
      "submission": 75,
      "session": "yzfb6afbomcja5z4hehsw9jvgr8gmuh1",
      "question_id": 22,
      "name": "IMI",
      "type": "pre",
      "item": "22",
      "answer": "2"
    }
  },
  {
    "model": "website.questionnairesubmission",
    "pk": 1199,
    "fields": {
      "submission": 97,
      "session": "71vzfvi67knzvkcr3e1af5jgsmw6eqx0",
      "question_id": 1,
      "name": "pre",
      "type": "IMI",
      "item": "1",
      "answer": "2"
    }
  },
  {
    "model": "website.questionnairesubmission",
    "pk": 1200,
    "fields": {
      "submission": 97,
      "session": "71vzfvi67knzvkcr3e1af5jgsmw6eqx0",
      "question_id": 2,
      "name": "pre",
      "type": "IMI",
      "item": "2",
      "answer": "2"
    }
  },
  {
    "model": "website.questionnairesubmission",
    "pk": 1201,
    "fields": {
      "submission": 97,
      "session": "71vzfvi67knzvkcr3e1af5jgsmw6eqx0",
      "question_id": 3,
      "name": "pre",
      "type": "IMI",
      "item": "3",
      "answer": "2"
    }
  },
  {
    "model": "website.questionnairesubmission",
    "pk": 1202,
    "fields": {
      "submission": 97,
      "session": "71vzfvi67knzvkcr3e1af5jgsmw6eqx0",
      "question_id": 4,
      "name": "pre",
      "type": "IMI",
      "item": "4",
      "answer": "2"
    }
  },
  {
    "model": "website.questionnairesubmission",
    "pk": 1203,
    "fields": {
      "submission": 97,
      "session": "71vzfvi67knzvkcr3e1af5jgsmw6eqx0",
      "question_id": 5,
      "name": "pre",
      "type": "IMI",
      "item": "5",
      "answer": "2"
    }
  },
  {
    "model": "website.questionnairesubmission",
    "pk": 1204,
    "fields": {
      "submission": 97,
      "session": "71vzfvi67knzvkcr3e1af5jgsmw6eqx0",
      "question_id": 6,
      "name": "pre",
      "type": "IMI",
      "item": "6",
      "answer": "2"
    }
  },
  {
    "model": "website.questionnairesubmission",
    "pk": 1205,
    "fields": {
      "submission": 97,
      "session": "71vzfvi67knzvkcr3e1af5jgsmw6eqx0",
      "question_id": 7,
      "name": "pre",
      "type": "IMI",
      "item": "7",
      "answer": "3"
    }
  },
  {
    "model": "website.questionnairesubmission",
    "pk": 1206,
    "fields": {
      "submission": 97,
      "session": "71vzfvi67knzvkcr3e1af5jgsmw6eqx0",
      "question_id": 8,
      "name": "pre",
      "type": "IMI",
      "item": "8",
      "answer": "2"
    }
  },
  {
    "model": "website.questionnairesubmission",
    "pk": 1207,
    "fields": {
      "submission": 97,
      "session": "71vzfvi67knzvkcr3e1af5jgsmw6eqx0",
      "question_id": 9,
      "name": "pre",
      "type": "IMI",
      "item": "9",
      "answer": "3"
    }
  },
  {
    "model": "website.questionnairesubmission",
    "pk": 1208,
    "fields": {
      "submission": 97,
      "session": "71vzfvi67knzvkcr3e1af5jgsmw6eqx0",
      "question_id": 10,
      "name": "pre",
      "type": "IMI",
      "item": "10",
      "answer": "3"
    }
  },
  {
    "model": "website.questionnairesubmission",
    "pk": 1209,
    "fields": {
      "submission": 97,
      "session": "71vzfvi67knzvkcr3e1af5jgsmw6eqx0",
      "question_id": 11,
      "name": "pre",
      "type": "IMI",
      "item": "11",
      "answer": "2"
    }
  },
  {
    "model": "website.questionnairesubmission",
    "pk": 1210,
    "fields": {
      "submission": 97,
      "session": "71vzfvi67knzvkcr3e1af5jgsmw6eqx0",
      "question_id": 12,
      "name": "pre",
      "type": "IMI",
      "item": "12",
      "answer": "2"
    }
  },
  {
    "model": "website.questionnairesubmission",
    "pk": 1211,
    "fields": {
      "submission": 97,
      "session": "71vzfvi67knzvkcr3e1af5jgsmw6eqx0",
      "question_id": 13,
      "name": "pre",
      "type": "IMI",
      "item": "13",
      "answer": "2"
    }
  },
  {
    "model": "website.questionnairesubmission",
    "pk": 1212,
    "fields": {
      "submission": 97,
      "session": "71vzfvi67knzvkcr3e1af5jgsmw6eqx0",
      "question_id": 14,
      "name": "pre",
      "type": "IMI",
      "item": "14",
      "answer": "2"
    }
  },
  {
    "model": "website.questionnairesubmission",
    "pk": 1213,
    "fields": {
      "submission": 97,
      "session": "71vzfvi67knzvkcr3e1af5jgsmw6eqx0",
      "question_id": 15,
      "name": "pre",
      "type": "IMI",
      "item": "15",
      "answer": "4"
    }
  },
  {
    "model": "website.questionnairesubmission",
    "pk": 1214,
    "fields": {
      "submission": 97,
      "session": "71vzfvi67knzvkcr3e1af5jgsmw6eqx0",
      "question_id": 16,
      "name": "pre",
      "type": "IMI",
      "item": "16",
      "answer": "4"
    }
  },
  {
    "model": "website.questionnairesubmission",
    "pk": 1215,
    "fields": {
      "submission": 97,
      "session": "71vzfvi67knzvkcr3e1af5jgsmw6eqx0",
      "question_id": 17,
      "name": "pre",
      "type": "IMI",
      "item": "17",
      "answer": "4"
    }
  },
  {
    "model": "website.questionnairesubmission",
    "pk": 1216,
    "fields": {
      "submission": 97,
      "session": "71vzfvi67knzvkcr3e1af5jgsmw6eqx0",
      "question_id": 18,
      "name": "pre",
      "type": "IMI",
      "item": "18",
      "answer": "2"
    }
  },
  {
    "model": "website.questionnairesubmission",
    "pk": 1217,
    "fields": {
      "submission": 97,
      "session": "71vzfvi67knzvkcr3e1af5jgsmw6eqx0",
      "question_id": 19,
      "name": "pre",
      "type": "IMI",
      "item": "19",
      "answer": "2"
    }
  },
  {
    "model": "website.questionnairesubmission",
    "pk": 1218,
    "fields": {
      "submission": 97,
      "session": "71vzfvi67knzvkcr3e1af5jgsmw6eqx0",
      "question_id": 20,
      "name": "pre",
      "type": "IMI",
      "item": "20",
      "answer": "2"
    }
  },
  {
    "model": "website.questionnairesubmission",
    "pk": 1219,
    "fields": {
      "submission": 97,
      "session": "71vzfvi67knzvkcr3e1af5jgsmw6eqx0",
      "question_id": 21,
      "name": "pre",
      "type": "IMI",
      "item": "21",
      "answer": "2"
    }
  },
  {
    "model": "website.questionnairesubmission",
    "pk": 1220,
    "fields": {
      "submission": 97,
      "session": "71vzfvi67knzvkcr3e1af5jgsmw6eqx0",
      "question_id": 22,
      "name": "pre",
      "type": "IMI",
      "item": "22",
      "answer": "2"
    }
  },
  {
    "model": "website.questionnairesubmission",
    "pk": 1221,
    "fields": {
      "submission": 97,
      "session": "71vzfvi67knzvkcr3e1af5jgsmw6eqx0",
      "question_id": 29,
      "name": "pre",
      "type": "PANAS",
      "item": "1",
      "answer": "1"
    }
  },
  {
    "model": "website.questionnairesubmission",
    "pk": 1222,
    "fields": {
      "submission": 97,
      "session": "71vzfvi67knzvkcr3e1af5jgsmw6eqx0",
      "question_id": 30,
      "name": "pre",
      "type": "PANAS",
      "item": "2",
      "answer": "2"
    }
  },
  {
    "model": "website.questionnairesubmission",
    "pk": 1223,
    "fields": {
      "submission": 97,
      "session": "71vzfvi67knzvkcr3e1af5jgsmw6eqx0",
      "question_id": 31,
      "name": "pre",
      "type": "PANAS",
      "item": "3",
      "answer": "2"
    }
  },
  {
    "model": "website.questionnairesubmission",
    "pk": 1224,
    "fields": {
      "submission": 97,
      "session": "71vzfvi67knzvkcr3e1af5jgsmw6eqx0",
      "question_id": 32,
      "name": "pre",
      "type": "PANAS",
      "item": "4",
      "answer": "2"
    }
  },
  {
    "model": "website.questionnairesubmission",
    "pk": 1225,
    "fields": {
      "submission": 97,
      "session": "71vzfvi67knzvkcr3e1af5jgsmw6eqx0",
      "question_id": 33,
      "name": "pre",
      "type": "PANAS",
      "item": "5",
      "answer": "2"
    }
  },
  {
    "model": "website.questionnairesubmission",
    "pk": 1226,
    "fields": {
      "submission": 97,
      "session": "71vzfvi67knzvkcr3e1af5jgsmw6eqx0",
      "question_id": 34,
      "name": "pre",
      "type": "PANAS",
      "item": "6",
      "answer": "2"
    }
  },
  {
    "model": "website.questionnairesubmission",
    "pk": 1227,
    "fields": {
      "submission": 97,
      "session": "71vzfvi67knzvkcr3e1af5jgsmw6eqx0",
      "question_id": 35,
      "name": "pre",
      "type": "PANAS",
      "item": "7",
      "answer": "2"
    }
  },
  {
    "model": "website.questionnairesubmission",
    "pk": 1228,
    "fields": {
      "submission": 97,
      "session": "71vzfvi67knzvkcr3e1af5jgsmw6eqx0",
      "question_id": 36,
      "name": "pre",
      "type": "PANAS",
      "item": "8",
      "answer": "4"
    }
  },
  {
    "model": "website.questionnairesubmission",
    "pk": 1229,
    "fields": {
      "submission": 97,
      "session": "71vzfvi67knzvkcr3e1af5jgsmw6eqx0",
      "question_id": 37,
      "name": "pre",
      "type": "PANAS",
      "item": "9",
      "answer": "2"
    }
  },
  {
    "model": "website.questionnairesubmission",
    "pk": 1230,
    "fields": {
      "submission": 97,
      "session": "71vzfvi67knzvkcr3e1af5jgsmw6eqx0",
      "question_id": 38,
      "name": "pre",
      "type": "PANAS",
      "item": "10",
      "answer": "2"
    }
  },
  {
    "model": "website.questionnairesubmission",
    "pk": 1231,
    "fields": {
      "submission": 97,
      "session": "71vzfvi67knzvkcr3e1af5jgsmw6eqx0",
      "question_id": 39,
      "name": "pre",
      "type": "PANAS",
      "item": "11",
      "answer": "2"
    }
  },
  {
    "model": "website.questionnairesubmission",
    "pk": 1232,
    "fields": {
      "submission": 97,
      "session": "71vzfvi67knzvkcr3e1af5jgsmw6eqx0",
      "question_id": 40,
      "name": "pre",
      "type": "PANAS",
      "item": "12",
      "answer": "2"
    }
  },
  {
    "model": "website.questionnairesubmission",
    "pk": 1233,
    "fields": {
      "submission": 97,
      "session": "71vzfvi67knzvkcr3e1af5jgsmw6eqx0",
      "question_id": 41,
      "name": "pre",
      "type": "PANAS",
      "item": "13",
      "answer": "2"
    }
  },
  {
    "model": "website.questionnairesubmission",
    "pk": 1234,
    "fields": {
      "submission": 97,
      "session": "71vzfvi67knzvkcr3e1af5jgsmw6eqx0",
      "question_id": 42,
      "name": "pre",
      "type": "PANAS",
      "item": "14",
      "answer": "2"
    }
  },
  {
    "model": "website.questionnairesubmission",
    "pk": 1235,
    "fields": {
      "submission": 97,
      "session": "71vzfvi67knzvkcr3e1af5jgsmw6eqx0",
      "question_id": 43,
      "name": "pre",
      "type": "PANAS",
      "item": "15",
      "answer": "3"
    }
  },
  {
    "model": "website.questionnairesubmission",
    "pk": 1236,
    "fields": {
      "submission": 97,
      "session": "71vzfvi67knzvkcr3e1af5jgsmw6eqx0",
      "question_id": 44,
      "name": "pre",
      "type": "PANAS",
      "item": "16",
      "answer": "2"
    }
  },
  {
    "model": "website.questionnairesubmission",
    "pk": 1237,
    "fields": {
      "submission": 97,
      "session": "71vzfvi67knzvkcr3e1af5jgsmw6eqx0",
      "question_id": 45,
      "name": "pre",
      "type": "PANAS",
      "item": "17",
      "answer": "2"
    }
  },
  {
    "model": "website.questionnairesubmission",
    "pk": 1238,
    "fields": {
      "submission": 97,
      "session": "71vzfvi67knzvkcr3e1af5jgsmw6eqx0",
      "question_id": 46,
      "name": "pre",
      "type": "PANAS",
      "item": "18",
      "answer": "2"
    }
  },
  {
    "model": "website.questionnairesubmission",
    "pk": 1239,
    "fields": {
      "submission": 97,
      "session": "71vzfvi67knzvkcr3e1af5jgsmw6eqx0",
      "question_id": 47,
      "name": "pre",
      "type": "PANAS",
      "item": "19",
      "answer": "2"
    }
  },
  {
    "model": "website.questionnairesubmission",
    "pk": 1240,
    "fields": {
      "submission": 97,
      "session": "71vzfvi67knzvkcr3e1af5jgsmw6eqx0",
      "question_id": 48,
      "name": "pre",
      "type": "PANAS",
      "item": "20",
      "answer": "2"
    }
  },
  {
    "model": "website.questionnairesubmission",
    "pk": 1241,
    "fields": {
      "submission": 97,
      "session": "71vzfvi67knzvkcr3e1af5jgsmw6eqx0",
      "question_id": 1,
      "name": "main",
      "type": "IMI",
      "item": "1",
      "answer": "2"
    }
  },
  {
    "model": "website.questionnairesubmission",
    "pk": 1242,
    "fields": {
      "submission": 97,
      "session": "71vzfvi67knzvkcr3e1af5jgsmw6eqx0",
      "question_id": 2,
      "name": "main",
      "type": "IMI",
      "item": "2",
      "answer": "2"
    }
  },
  {
    "model": "website.questionnairesubmission",
    "pk": 1243,
    "fields": {
      "submission": 97,
      "session": "71vzfvi67knzvkcr3e1af5jgsmw6eqx0",
      "question_id": 3,
      "name": "main",
      "type": "IMI",
      "item": "3",
      "answer": "2"
    }
  },
  {
    "model": "website.questionnairesubmission",
    "pk": 1244,
    "fields": {
      "submission": 97,
      "session": "71vzfvi67knzvkcr3e1af5jgsmw6eqx0",
      "question_id": 4,
      "name": "main",
      "type": "IMI",
      "item": "4",
      "answer": "2"
    }
  },
  {
    "model": "website.questionnairesubmission",
    "pk": 1245,
    "fields": {
      "submission": 97,
      "session": "71vzfvi67knzvkcr3e1af5jgsmw6eqx0",
      "question_id": 5,
      "name": "main",
      "type": "IMI",
      "item": "5",
      "answer": "2"
    }
  },
  {
    "model": "website.questionnairesubmission",
    "pk": 1246,
    "fields": {
      "submission": 97,
      "session": "71vzfvi67knzvkcr3e1af5jgsmw6eqx0",
      "question_id": 6,
      "name": "main",
      "type": "IMI",
      "item": "6",
      "answer": "2"
    }
  },
  {
    "model": "website.questionnairesubmission",
    "pk": 1247,
    "fields": {
      "submission": 97,
      "session": "71vzfvi67knzvkcr3e1af5jgsmw6eqx0",
      "question_id": 7,
      "name": "main",
      "type": "IMI",
      "item": "7",
      "answer": "2"
    }
  },
  {
    "model": "website.questionnairesubmission",
    "pk": 1248,
    "fields": {
      "submission": 97,
      "session": "71vzfvi67knzvkcr3e1af5jgsmw6eqx0",
      "question_id": 8,
      "name": "main",
      "type": "IMI",
      "item": "8",
      "answer": "3"
    }
  },
  {
    "model": "website.questionnairesubmission",
    "pk": 1249,
    "fields": {
      "submission": 97,
      "session": "71vzfvi67knzvkcr3e1af5jgsmw6eqx0",
      "question_id": 9,
      "name": "main",
      "type": "IMI",
      "item": "9",
      "answer": "2"
    }
  },
  {
    "model": "website.questionnairesubmission",
    "pk": 1250,
    "fields": {
      "submission": 97,
      "session": "71vzfvi67knzvkcr3e1af5jgsmw6eqx0",
      "question_id": 10,
      "name": "main",
      "type": "IMI",
      "item": "10",
      "answer": "2"
    }
  },
  {
    "model": "website.questionnairesubmission",
    "pk": 1251,
    "fields": {
      "submission": 97,
      "session": "71vzfvi67knzvkcr3e1af5jgsmw6eqx0",
      "question_id": 11,
      "name": "main",
      "type": "IMI",
      "item": "11",
      "answer": "2"
    }
  },
  {
    "model": "website.questionnairesubmission",
    "pk": 1252,
    "fields": {
      "submission": 97,
      "session": "71vzfvi67knzvkcr3e1af5jgsmw6eqx0",
      "question_id": 12,
      "name": "main",
      "type": "IMI",
      "item": "12",
      "answer": "2"
    }
  },
  {
    "model": "website.questionnairesubmission",
    "pk": 1253,
    "fields": {
      "submission": 97,
      "session": "71vzfvi67knzvkcr3e1af5jgsmw6eqx0",
      "question_id": 13,
      "name": "main",
      "type": "IMI",
      "item": "13",
      "answer": "2"
    }
  },
  {
    "model": "website.questionnairesubmission",
    "pk": 1254,
    "fields": {
      "submission": 97,
      "session": "71vzfvi67knzvkcr3e1af5jgsmw6eqx0",
      "question_id": 14,
      "name": "main",
      "type": "IMI",
      "item": "14",
      "answer": "2"
    }
  },
  {
    "model": "website.questionnairesubmission",
    "pk": 1255,
    "fields": {
      "submission": 97,
      "session": "71vzfvi67knzvkcr3e1af5jgsmw6eqx0",
      "question_id": 15,
      "name": "main",
      "type": "IMI",
      "item": "15",
      "answer": "3"
    }
  },
  {
    "model": "website.questionnairesubmission",
    "pk": 1256,
    "fields": {
      "submission": 97,
      "session": "71vzfvi67knzvkcr3e1af5jgsmw6eqx0",
      "question_id": 16,
      "name": "main",
      "type": "IMI",
      "item": "16",
      "answer": "2"
    }
  },
  {
    "model": "website.questionnairesubmission",
    "pk": 1257,
    "fields": {
      "submission": 97,
      "session": "71vzfvi67knzvkcr3e1af5jgsmw6eqx0",
      "question_id": 17,
      "name": "main",
      "type": "IMI",
      "item": "17",
      "answer": "2"
    }
  },
  {
    "model": "website.questionnairesubmission",
    "pk": 1258,
    "fields": {
      "submission": 97,
      "session": "71vzfvi67knzvkcr3e1af5jgsmw6eqx0",
      "question_id": 18,
      "name": "main",
      "type": "IMI",
      "item": "18",
      "answer": "2"
    }
  },
  {
    "model": "website.questionnairesubmission",
    "pk": 1259,
    "fields": {
      "submission": 97,
      "session": "71vzfvi67knzvkcr3e1af5jgsmw6eqx0",
      "question_id": 19,
      "name": "main",
      "type": "IMI",
      "item": "19",
      "answer": "2"
    }
  },
  {
    "model": "website.questionnairesubmission",
    "pk": 1260,
    "fields": {
      "submission": 97,
      "session": "71vzfvi67knzvkcr3e1af5jgsmw6eqx0",
      "question_id": 20,
      "name": "main",
      "type": "IMI",
      "item": "20",
      "answer": "2"
    }
  },
  {
    "model": "website.questionnairesubmission",
    "pk": 1261,
    "fields": {
      "submission": 97,
      "session": "71vzfvi67knzvkcr3e1af5jgsmw6eqx0",
      "question_id": 21,
      "name": "main",
      "type": "IMI",
      "item": "21",
      "answer": "3"
    }
  },
  {
    "model": "website.questionnairesubmission",
    "pk": 1262,
    "fields": {
      "submission": 97,
      "session": "71vzfvi67knzvkcr3e1af5jgsmw6eqx0",
      "question_id": 22,
      "name": "main",
      "type": "IMI",
      "item": "22",
      "answer": "2"
    }
  },
  {
    "model": "website.questionnairesubmission",
    "pk": 1263,
    "fields": {
      "submission": 97,
      "session": "71vzfvi67knzvkcr3e1af5jgsmw6eqx0",
      "question_id": 29,
      "name": "main",
      "type": "PANAS",
      "item": "1",
      "answer": "3"
    }
  },
  {
    "model": "website.questionnairesubmission",
    "pk": 1264,
    "fields": {
      "submission": 97,
      "session": "71vzfvi67knzvkcr3e1af5jgsmw6eqx0",
      "question_id": 30,
      "name": "main",
      "type": "PANAS",
      "item": "2",
      "answer": "2"
    }
  },
  {
    "model": "website.questionnairesubmission",
    "pk": 1265,
    "fields": {
      "submission": 97,
      "session": "71vzfvi67knzvkcr3e1af5jgsmw6eqx0",
      "question_id": 31,
      "name": "main",
      "type": "PANAS",
      "item": "3",
      "answer": "2"
    }
  },
  {
    "model": "website.questionnairesubmission",
    "pk": 1266,
    "fields": {
      "submission": 97,
      "session": "71vzfvi67knzvkcr3e1af5jgsmw6eqx0",
      "question_id": 32,
      "name": "main",
      "type": "PANAS",
      "item": "4",
      "answer": "2"
    }
  },
  {
    "model": "website.questionnairesubmission",
    "pk": 1267,
    "fields": {
      "submission": 97,
      "session": "71vzfvi67knzvkcr3e1af5jgsmw6eqx0",
      "question_id": 33,
      "name": "main",
      "type": "PANAS",
      "item": "5",
      "answer": "2"
    }
  },
  {
    "model": "website.questionnairesubmission",
    "pk": 1268,
    "fields": {
      "submission": 97,
      "session": "71vzfvi67knzvkcr3e1af5jgsmw6eqx0",
      "question_id": 34,
      "name": "main",
      "type": "PANAS",
      "item": "6",
      "answer": "2"
    }
  },
  {
    "model": "website.questionnairesubmission",
    "pk": 1269,
    "fields": {
      "submission": 97,
      "session": "71vzfvi67knzvkcr3e1af5jgsmw6eqx0",
      "question_id": 35,
      "name": "main",
      "type": "PANAS",
      "item": "7",
      "answer": "2"
    }
  },
  {
    "model": "website.questionnairesubmission",
    "pk": 1270,
    "fields": {
      "submission": 97,
      "session": "71vzfvi67knzvkcr3e1af5jgsmw6eqx0",
      "question_id": 36,
      "name": "main",
      "type": "PANAS",
      "item": "8",
      "answer": "2"
    }
  },
  {
    "model": "website.questionnairesubmission",
    "pk": 1271,
    "fields": {
      "submission": 97,
      "session": "71vzfvi67knzvkcr3e1af5jgsmw6eqx0",
      "question_id": 37,
      "name": "main",
      "type": "PANAS",
      "item": "9",
      "answer": "2"
    }
  },
  {
    "model": "website.questionnairesubmission",
    "pk": 1272,
    "fields": {
      "submission": 97,
      "session": "71vzfvi67knzvkcr3e1af5jgsmw6eqx0",
      "question_id": 38,
      "name": "main",
      "type": "PANAS",
      "item": "10",
      "answer": "2"
    }
  },
  {
    "model": "website.questionnairesubmission",
    "pk": 1273,
    "fields": {
      "submission": 97,
      "session": "71vzfvi67knzvkcr3e1af5jgsmw6eqx0",
      "question_id": 39,
      "name": "main",
      "type": "PANAS",
      "item": "11",
      "answer": "2"
    }
  },
  {
    "model": "website.questionnairesubmission",
    "pk": 1274,
    "fields": {
      "submission": 97,
      "session": "71vzfvi67knzvkcr3e1af5jgsmw6eqx0",
      "question_id": 40,
      "name": "main",
      "type": "PANAS",
      "item": "12",
      "answer": "2"
    }
  },
  {
    "model": "website.questionnairesubmission",
    "pk": 1275,
    "fields": {
      "submission": 97,
      "session": "71vzfvi67knzvkcr3e1af5jgsmw6eqx0",
      "question_id": 41,
      "name": "main",
      "type": "PANAS",
      "item": "13",
      "answer": "2"
    }
  },
  {
    "model": "website.questionnairesubmission",
    "pk": 1276,
    "fields": {
      "submission": 97,
      "session": "71vzfvi67knzvkcr3e1af5jgsmw6eqx0",
      "question_id": 42,
      "name": "main",
      "type": "PANAS",
      "item": "14",
      "answer": "2"
    }
  },
  {
    "model": "website.questionnairesubmission",
    "pk": 1277,
    "fields": {
      "submission": 97,
      "session": "71vzfvi67knzvkcr3e1af5jgsmw6eqx0",
      "question_id": 43,
      "name": "main",
      "type": "PANAS",
      "item": "15",
      "answer": "2"
    }
  },
  {
    "model": "website.questionnairesubmission",
    "pk": 1278,
    "fields": {
      "submission": 97,
      "session": "71vzfvi67knzvkcr3e1af5jgsmw6eqx0",
      "question_id": 44,
      "name": "main",
      "type": "PANAS",
      "item": "16",
      "answer": "2"
    }
  },
  {
    "model": "website.questionnairesubmission",
    "pk": 1279,
    "fields": {
      "submission": 97,
      "session": "71vzfvi67knzvkcr3e1af5jgsmw6eqx0",
      "question_id": 45,
      "name": "main",
      "type": "PANAS",
      "item": "17",
      "answer": "3"
    }
  },
  {
    "model": "website.questionnairesubmission",
    "pk": 1280,
    "fields": {
      "submission": 97,
      "session": "71vzfvi67knzvkcr3e1af5jgsmw6eqx0",
      "question_id": 46,
      "name": "main",
      "type": "PANAS",
      "item": "18",
      "answer": "2"
    }
  },
  {
    "model": "website.questionnairesubmission",
    "pk": 1281,
    "fields": {
      "submission": 97,
      "session": "71vzfvi67knzvkcr3e1af5jgsmw6eqx0",
      "question_id": 47,
      "name": "main",
      "type": "PANAS",
      "item": "19",
      "answer": "2"
    }
  },
  {
    "model": "website.questionnairesubmission",
    "pk": 1282,
    "fields": {
      "submission": 97,
      "session": "71vzfvi67knzvkcr3e1af5jgsmw6eqx0",
      "question_id": 48,
      "name": "main",
      "type": "PANAS",
      "item": "20",
      "answer": "2"
    }
  },
  {
    "model": "website.tasksubmission",
    "pk": 210,
    "fields": {
      "submission": 75,
      "session": "yzfb6afbomcja5z4hehsw9jvgr8gmuh1",
      "type": "p1",
      "item": "1",
      "task_id": 4,
      "answer": "None of these"
    }
  },
  {
    "model": "website.tasksubmission",
    "pk": 211,
    "fields": {
      "submission": 75,
      "session": "yzfb6afbomcja5z4hehsw9jvgr8gmuh1",
      "type": "p1",
      "item": "2",
      "task_id": 8,
      "answer": "I"
    }
  },
  {
    "model": "website.tasksubmission",
    "pk": 212,
    "fields": {
      "submission": 75,
      "session": "yzfb6afbomcja5z4hehsw9jvgr8gmuh1",
      "type": "p1",
      "item": "3",
      "task_id": 7,
      "answer": "V"
    }
  },
  {
    "model": "website.tasksubmission",
    "pk": 213,
    "fields": {
      "submission": 75,
      "session": "yzfb6afbomcja5z4hehsw9jvgr8gmuh1",
      "type": "p1",
      "item": "4",
      "task_id": 2,
      "answer": "None of these"
    }
  },
  {
    "model": "website.tasksubmission",
    "pk": 214,
    "fields": {
      "submission": 75,
      "session": "yzfb6afbomcja5z4hehsw9jvgr8gmuh1",
      "type": "p2",
      "item": "1",
      "task_id": 15,
      "answer": "B"
    }
  },
  {
    "model": "website.tasksubmission",
    "pk": 215,
    "fields": {
      "submission": 75,
      "session": "yzfb6afbomcja5z4hehsw9jvgr8gmuh1",
      "type": "p2",
      "item": "2",
      "task_id": 9,
      "answer": "B"
    }
  },
  {
    "model": "website.tasksubmission",
    "pk": 216,
    "fields": {
      "submission": 75,
      "session": "yzfb6afbomcja5z4hehsw9jvgr8gmuh1",
      "type": "p2",
      "item": "3",
      "task_id": 10,
      "answer": "None of these"
    }
  },
  {
    "model": "website.tasksubmission",
    "pk": 217,
    "fields": {
      "submission": 75,
      "session": "yzfb6afbomcja5z4hehsw9jvgr8gmuh1",
      "type": "p2",
      "item": "4",
      "task_id": 16,
      "answer": "G"
    }
  },
  {
    "model": "website.tasksubmission",
    "pk": 417,
    "fields": {
      "submission": 97,
      "session": "71vzfvi67knzvkcr3e1af5jgsmw6eqx0",
      "type": "p1",
      "item": "1",
      "task_id": 5,
      "answer": "V"
    }
  },
  {
    "model": "website.tasksubmission",
    "pk": 418,
    "fields": {
      "submission": 97,
      "session": "71vzfvi67knzvkcr3e1af5jgsmw6eqx0",
      "type": "p1",
      "item": "2",
      "task_id": 14,
      "answer": "D"
    }
  },
  {
    "model": "website.tasksubmission",
    "pk": 419,
    "fields": {
      "submission": 97,
      "session": "71vzfvi67knzvkcr3e1af5jgsmw6eqx0",
      "type": "p1",
      "item": "3",
      "task_id": 2,
      "answer": "It's impossible to tell"
    }
  },
  {
    "model": "website.tasksubmission",
    "pk": 420,
    "fields": {
      "submission": 97,
      "session": "71vzfvi67knzvkcr3e1af5jgsmw6eqx0",
      "type": "p1",
      "item": "4",
      "task_id": 11,
      "answer": "B"
    }
  },
  {
    "model": "website.tasksubmission",
    "pk": 421,
    "fields": {
      "submission": 97,
      "session": "71vzfvi67knzvkcr3e1af5jgsmw6eqx0",
      "type": "p2",
      "item": "1",
      "task_id": 6,
      "answer": "G"
    }
  },
  {
    "model": "website.tasksubmission",
    "pk": 422,
    "fields": {
      "submission": 97,
      "session": "71vzfvi67knzvkcr3e1af5jgsmw6eqx0",
      "type": "p2",
      "item": "2",
      "task_id": 15,
      "answer": "D"
    }
  },
  {
    "model": "website.tasksubmission",
    "pk": 423,
    "fields": {
      "submission": 97,
      "session": "71vzfvi67knzvkcr3e1af5jgsmw6eqx0",
      "type": "p2",
      "item": "3",
      "task_id": 3,
      "answer": "47"
    }
  },
  {
    "model": "website.tasksubmission",
    "pk": 424,
    "fields": {
      "submission": 97,
      "session": "71vzfvi67knzvkcr3e1af5jgsmw6eqx0",
      "type": "p2",
      "item": "4",
      "task_id": 12,
      "answer": "D"
    }
  },
  {
    "model": "website.tasksubmission",
    "pk": 425,
    "fields": {
      "submission": 97,
      "session": "71vzfvi67knzvkcr3e1af5jgsmw6eqx0",
      "type": "m1",
      "item": "1",
      "task_id": 4,
      "answer": "Sunday"
    }
  },
  {
    "model": "website.tasksubmission",
    "pk": 426,
    "fields": {
      "submission": 97,
      "session": "71vzfvi67knzvkcr3e1af5jgsmw6eqx0",
      "type": "m1",
      "item": "2",
      "task_id": 9,
      "answer": "E"
    }
  },
  {
    "model": "website.tasksubmission",
    "pk": 427,
    "fields": {
      "submission": 97,
      "session": "71vzfvi67knzvkcr3e1af5jgsmw6eqx0",
      "type": "m1",
      "item": "3",
      "task_id": 10,
      "answer": "B"
    }
  },
  {
    "model": "website.tasksubmission",
    "pk": 428,
    "fields": {
      "submission": 97,
      "session": "71vzfvi67knzvkcr3e1af5jgsmw6eqx0",
      "type": "m1",
      "item": "4",
      "task_id": 8,
      "answer": "N"
    }
  },
  {
    "model": "website.tasksubmission",
    "pk": 429,
    "fields": {
      "submission": 97,
      "session": "71vzfvi67knzvkcr3e1af5jgsmw6eqx0",
      "type": "m2",
      "item": "1",
      "task_id": 7,
      "answer": "X"
    }
  },
  {
    "model": "website.tasksubmission",
    "pk": 430,
    "fields": {
      "submission": 97,
      "session": "71vzfvi67knzvkcr3e1af5jgsmw6eqx0",
      "type": "m2",
      "item": "2",
      "task_id": 16,
      "answer": "D"
    }
  },
  {
    "model": "website.tasksubmission",
    "pk": 431,
    "fields": {
      "submission": 97,
      "session": "71vzfvi67knzvkcr3e1af5jgsmw6eqx0",
      "type": "m2",
      "item": "3",
      "task_id": 1,
      "answer": "5"
    }
  },
  {
    "model": "website.tasksubmission",
    "pk": 432,
    "fields": {
      "submission": 97,
      "session": "71vzfvi67knzvkcr3e1af5jgsmw6eqx0",
      "type": "m2",
      "item": "4",
      "task_id": 13,
      "answer": "D"
    }
  },
  {
    "model": "website.taskscore",
    "pk": 9,
    "fields": {
      "submission": 97,
      "session": "71vzfvi67knzvkcr3e1af5jgsmw6eqx0",
      "score_pre": 5,
      "score_main": 6
    }
  }
]
