[{"model": "website.study", "pk": 1, "fields": {"name": "PreliminaryStudy"}}, {"model": "website.study", "pk": 2, "fields": {"name": "MainStudy"}}, {"model": "website.taskset", "pk": 1, "fields": {"name": "Letter and Number Series", "study": [1, 2]}}, {"model": "website.taskset", "pk": 2, "fields": {"name": "Verbal Reasoning", "study": [1, 2]}}, {"model": "website.taskset", "pk": 3, "fields": {"name": "Matrix Reasoning", "study": [1, 2]}}, {"model": "website.taskset", "pk": 4, "fields": {"name": "Three-Dimensional Rotation", "study": [1, 2]}}, {"model": "website.task", "pk": 1, "fields": {"description": "What number is one fifth of one fourth of one ninth of 900?", "details": "", "item": "VR4", "task_set": 2, "image_link": ""}}, {"model": "website.task", "pk": 2, "fields": {"description": "Zach is taller than Matt and Richard is shorter than Zach. Which of the following statements would be most accurate?", "details": "", "item": "VR16", "task_set": 2, "image_link": ""}}, {"model": "website.task", "pk": 3, "fields": {"description": "Joshua is 12 years old and his sister is three times as old as he. When Joshua is 23 years old, how old will his sister be?", "details": "", "item": "VR17", "task_set": 2, "image_link": ""}}, {"model": "website.task", "pk": 4, "fields": {"description": "If the day after tomorrow is two days before Thursday then what day is it today?", "details": "", "item": "VR19", "task_set": 2, "image_link": ""}}, {"model": "website.task", "pk": 5, "fields": {"description": "In the following alphanumeric series, what letter comes next?", "details": "K N P S U", "item": "LN7", "task_set": 1, "image_link": ""}}, {"model": "website.task", "pk": 6, "fields": {"description": "In the following alphanumeric series, what letter comes next?", "details": "V Q M J H", "item": "LN33", "task_set": 1, "image_link": ""}}, {"model": "website.task", "pk": 7, "fields": {"description": "In the following alphanumeric series, what letter comes next?", "details": "I J L O S", "item": "LN34", "task_set": 1, "image_link": ""}}, {"model": "website.task", "pk": 8, "fields": {"description": "In the following alphanumeric series, what letter comes next?", "details": "Q S N P L", "item": "LN58", "task_set": 1, "image_link": ""}}, {"model": "website.task", "pk": 9, "fields": {"description": "Please indicate which is the best answer to complete the figure below.", "details": "", "item": "MX45", "task_set": 3, "image_link": "icar/MX1.jpg"}}, {"model": "website.task", "pk": 10, "fields": {"description": "Please indicate which is the best answer to complete the figure below.", "details": "", "item": "MX46", "task_set": 3, "image_link": "icar/MX2.jpg"}}, {"model": "website.task", "pk": 11, "fields": {"description": "Please indicate which is the best answer to complete the figure below.", "details": "", "item": "MX47", "task_set": 3, "image_link": "icar/MX3.jpg"}}, {"model": "website.task", "pk": 12, "fields": {"description": "Please indicate which is the best answer to complete the figure below.", "details": "", "item": "MX55", "task_set": 3, "image_link": "icar/MX4.jpg"}}, {"model": "website.task", "pk": 13, "fields": {"description": "All the cubes below have a different image on each side. Select the choice that could represent a rotation of the cube labeled X.", "details": "", "item": "R3D3", "task_set": 4, "image_link": "icar/R3D1.png"}}, {"model": "website.task", "pk": 14, "fields": {"description": "All the cubes below have a different image on each side. Select the choice that could represent a rotation of the cube labeled X.", "details": "", "item": "R3D4", "task_set": 4, "image_link": "icar/R3D2.png"}}, {"model": "website.task", "pk": 15, "fields": {"description": "All the cubes below have a different image on each side. Select the choice that could represent a rotation of the cube labeled X.", "details": "", "item": "R3D6", "task_set": 4, "image_link": "icar/R3D3.png"}}, {"model": "website.task", "pk": 16, "fields": {"description": "All the cubes below have a different image on each side. Select the choice that could represent a rotation of the cube labeled X.", "details": "", "item": "R3D8", "task_set": 4, "image_link": "icar/R3D4.png"}}, {"model": "website.answerchoice", "pk": 1, "fields": {"text": "S", "task": 5}}, {"model": "website.answerchoice", "pk": 2, "fields": {"text": "T", "task": 5}}, {"model": "website.answerchoice", "pk": 3, "fields": {"text": "U", "task": 5}}, {"model": "website.answerchoice", "pk": 4, "fields": {"text": "V", "task": 5}}, {"model": "website.answerchoice", "pk": 5, "fields": {"text": "W", "task": 5}}, {"model": "website.answerchoice", "pk": 6, "fields": {"text": "X", "task": 5}}, {"model": "website.answerchoice", "pk": 7, "fields": {"text": "None of these", "task": 5}}, {"model": "website.answerchoice", "pk": 8, "fields": {"text": "I don't know", "task": 5}}, {"model": "website.answerchoice", "pk": 9, "fields": {"text": "E", "task": 6}}, {"model": "website.answerchoice", "pk": 10, "fields": {"text": "F", "task": 6}}, {"model": "website.answerchoice", "pk": 11, "fields": {"text": "G", "task": 6}}, {"model": "website.answerchoice", "pk": 12, "fields": {"text": "H", "task": 6}}, {"model": "website.answerchoice", "pk": 13, "fields": {"text": "I", "task": 6}}, {"model": "website.answerchoice", "pk": 14, "fields": {"text": "J", "task": 6}}, {"model": "website.answerchoice", "pk": 15, "fields": {"text": "None of these", "task": 6}}, {"model": "website.answerchoice", "pk": 16, "fields": {"text": "I don't know", "task": 6}}, {"model": "website.answerchoice", "pk": 17, "fields": {"text": "T", "task": 7}}, {"model": "website.answerchoice", "pk": 18, "fields": {"text": "U", "task": 7}}, {"model": "website.answerchoice", "pk": 19, "fields": {"text": "V", "task": 7}}, {"model": "website.answerchoice", "pk": 21, "fields": {"text": "X", "task": 7}}, {"model": "website.answerchoice", "pk": 22, "fields": {"text": "Y", "task": 7}}, {"model": "website.answerchoice", "pk": 23, "fields": {"text": "Z", "task": 7}}, {"model": "website.answerchoice", "pk": 24, "fields": {"text": "None of these", "task": 7}}, {"model": "website.answerchoice", "pk": 25, "fields": {"text": "I don't know", "task": 7}}, {"model": "website.answerchoice", "pk": 26, "fields": {"text": "J", "task": 8}}, {"model": "website.answerchoice", "pk": 27, "fields": {"text": "H", "task": 8}}, {"model": "website.answerchoice", "pk": 28, "fields": {"text": "I", "task": 8}}, {"model": "website.answerchoice", "pk": 29, "fields": {"text": "N", "task": 8}}, {"model": "website.answerchoice", "pk": 30, "fields": {"text": "M", "task": 8}}, {"model": "website.answerchoice", "pk": 31, "fields": {"text": "L", "task": 8}}, {"model": "website.answerchoice", "pk": 32, "fields": {"text": "None of these", "task": 8}}, {"model": "website.answerchoice", "pk": 33, "fields": {"text": "I don't know", "task": 8}}, {"model": "website.answerchoice", "pk": 34, "fields": {"text": "A", "task": 9}}, {"model": "website.answerchoice", "pk": 35, "fields": {"text": "B", "task": 9}}, {"model": "website.answerchoice", "pk": 36, "fields": {"text": "C", "task": 9}}, {"model": "website.answerchoice", "pk": 37, "fields": {"text": "D", "task": 9}}, {"model": "website.answerchoice", "pk": 38, "fields": {"text": "E", "task": 9}}, {"model": "website.answerchoice", "pk": 39, "fields": {"text": "F", "task": 9}}, {"model": "website.answerchoice", "pk": 40, "fields": {"text": "None of these", "task": 9}}, {"model": "website.answerchoice", "pk": 41, "fields": {"text": "I don't know", "task": 9}}, {"model": "website.answerchoice", "pk": 42, "fields": {"text": "A", "task": 10}}, {"model": "website.answerchoice", "pk": 43, "fields": {"text": "B", "task": 10}}, {"model": "website.answerchoice", "pk": 44, "fields": {"text": "C", "task": 10}}, {"model": "website.answerchoice", "pk": 45, "fields": {"text": "D", "task": 10}}, {"model": "website.answerchoice", "pk": 46, "fields": {"text": "E", "task": 10}}, {"model": "website.answerchoice", "pk": 47, "fields": {"text": "F", "task": 10}}, {"model": "website.answerchoice", "pk": 48, "fields": {"text": "None of these", "task": 10}}, {"model": "website.answerchoice", "pk": 49, "fields": {"text": "I don't know", "task": 10}}, {"model": "website.answerchoice", "pk": 50, "fields": {"text": "A", "task": 11}}, {"model": "website.answerchoice", "pk": 51, "fields": {"text": "B", "task": 11}}, {"model": "website.answerchoice", "pk": 52, "fields": {"text": "C", "task": 11}}, {"model": "website.answerchoice", "pk": 53, "fields": {"text": "D", "task": 11}}, {"model": "website.answerchoice", "pk": 54, "fields": {"text": "E", "task": 11}}, {"model": "website.answerchoice", "pk": 55, "fields": {"text": "F", "task": 11}}, {"model": "website.answerchoice", "pk": 56, "fields": {"text": "None of these", "task": 11}}, {"model": "website.answerchoice", "pk": 57, "fields": {"text": "I don't know", "task": 11}}, {"model": "website.answerchoice", "pk": 58, "fields": {"text": "A", "task": 12}}, {"model": "website.answerchoice", "pk": 59, "fields": {"text": "B", "task": 12}}, {"model": "website.answerchoice", "pk": 60, "fields": {"text": "C", "task": 12}}, {"model": "website.answerchoice", "pk": 61, "fields": {"text": "D", "task": 12}}, {"model": "website.answerchoice", "pk": 62, "fields": {"text": "E", "task": 12}}, {"model": "website.answerchoice", "pk": 63, "fields": {"text": "F", "task": 12}}, {"model": "website.answerchoice", "pk": 64, "fields": {"text": "None of these", "task": 12}}, {"model": "website.answerchoice", "pk": 65, "fields": {"text": "I don't know", "task": 12}}, {"model": "website.answerchoice", "pk": 66, "fields": {"text": "2", "task": 1}}, {"model": "website.answerchoice", "pk": 67, "fields": {"text": "3", "task": 1}}, {"model": "website.answerchoice", "pk": 68, "fields": {"text": "4", "task": 1}}, {"model": "website.answerchoice", "pk": 69, "fields": {"text": "5", "task": 1}}, {"model": "website.answerchoice", "pk": 70, "fields": {"text": "6", "task": 1}}, {"model": "website.answerchoice", "pk": 71, "fields": {"text": "7", "task": 1}}, {"model": "website.answerchoice", "pk": 72, "fields": {"text": "None of these", "task": 1}}, {"model": "website.answerchoice", "pk": 73, "fields": {"text": "I don't know", "task": 1}}, {"model": "website.answerchoice", "pk": 74, "fields": {"text": "Richard is taller than Matt", "task": 2}}, {"model": "website.answerchoice", "pk": 75, "fields": {"text": "Richard is shorter than Matt", "task": 2}}, {"model": "website.answerchoice", "pk": 76, "fields": {"text": "Richard is as tall as Matt", "task": 2}}, {"model": "website.answerchoice", "pk": 77, "fields": {"text": "It's impossible to tell", "task": 2}}, {"model": "website.answerchoice", "pk": 78, "fields": {"text": "Richard is taller than Zach", "task": 2}}, {"model": "website.answerchoice", "pk": 79, "fields": {"text": "Zach is shorter than Matt", "task": 2}}, {"model": "website.answerchoice", "pk": 80, "fields": {"text": "None of these", "task": 2}}, {"model": "website.answerchoice", "pk": 81, "fields": {"text": "I don't know", "task": 2}}, {"model": "website.answerchoice", "pk": 82, "fields": {"text": "35", "task": 3}}, {"model": "website.answerchoice", "pk": 83, "fields": {"text": "39", "task": 3}}, {"model": "website.answerchoice", "pk": 84, "fields": {"text": "44", "task": 3}}, {"model": "website.answerchoice", "pk": 85, "fields": {"text": "47", "task": 3}}, {"model": "website.answerchoice", "pk": 86, "fields": {"text": "53", "task": 3}}, {"model": "website.answerchoice", "pk": 87, "fields": {"text": "57", "task": 3}}, {"model": "website.answerchoice", "pk": 88, "fields": {"text": "None of these", "task": 3}}, {"model": "website.answerchoice", "pk": 89, "fields": {"text": "I don't know", "task": 3}}, {"model": "website.answerchoice", "pk": 90, "fields": {"text": "Friday", "task": 4}}, {"model": "website.answerchoice", "pk": 91, "fields": {"text": "Monday", "task": 4}}, {"model": "website.answerchoice", "pk": 92, "fields": {"text": "Wednesday", "task": 4}}, {"model": "website.answerchoice", "pk": 93, "fields": {"text": "Saturday", "task": 4}}, {"model": "website.answerchoice", "pk": 94, "fields": {"text": "Tuesday", "task": 4}}, {"model": "website.answerchoice", "pk": 95, "fields": {"text": "Sunday", "task": 4}}, {"model": "website.answerchoice", "pk": 96, "fields": {"text": "None of these", "task": 4}}, {"model": "website.answerchoice", "pk": 97, "fields": {"text": "I don't know", "task": 4}}, {"model": "website.answerchoice", "pk": 98, "fields": {"text": "A", "task": 13}}, {"model": "website.answerchoice", "pk": 99, "fields": {"text": "B", "task": 13}}, {"model": "website.answerchoice", "pk": 100, "fields": {"text": "C", "task": 13}}, {"model": "website.answerchoice", "pk": 101, "fields": {"text": "D", "task": 13}}, {"model": "website.answerchoice", "pk": 102, "fields": {"text": "E", "task": 13}}, {"model": "website.answerchoice", "pk": 103, "fields": {"text": "F", "task": 13}}, {"model": "website.answerchoice", "pk": 104, "fields": {"text": "G", "task": 13}}, {"model": "website.answerchoice", "pk": 105, "fields": {"text": "H", "task": 13}}, {"model": "website.answerchoice", "pk": 106, "fields": {"text": "A", "task": 14}}, {"model": "website.answerchoice", "pk": 107, "fields": {"text": "B", "task": 14}}, {"model": "website.answerchoice", "pk": 108, "fields": {"text": "C", "task": 14}}, {"model": "website.answerchoice", "pk": 109, "fields": {"text": "D", "task": 14}}, {"model": "website.answerchoice", "pk": 110, "fields": {"text": "E", "task": 14}}, {"model": "website.answerchoice", "pk": 111, "fields": {"text": "F", "task": 14}}, {"model": "website.answerchoice", "pk": 112, "fields": {"text": "G", "task": 14}}, {"model": "website.answerchoice", "pk": 113, "fields": {"text": "H", "task": 14}}, {"model": "website.answerchoice", "pk": 114, "fields": {"text": "A", "task": 15}}, {"model": "website.answerchoice", "pk": 115, "fields": {"text": "B", "task": 15}}, {"model": "website.answerchoice", "pk": 116, "fields": {"text": "C", "task": 15}}, {"model": "website.answerchoice", "pk": 117, "fields": {"text": "D", "task": 15}}, {"model": "website.answerchoice", "pk": 118, "fields": {"text": "E", "task": 15}}, {"model": "website.answerchoice", "pk": 119, "fields": {"text": "F", "task": 15}}, {"model": "website.answerchoice", "pk": 120, "fields": {"text": "G", "task": 15}}, {"model": "website.answerchoice", "pk": 121, "fields": {"text": "H", "task": 15}}, {"model": "website.answerchoice", "pk": 122, "fields": {"text": "A", "task": 16}}, {"model": "website.answerchoice", "pk": 123, "fields": {"text": "B", "task": 16}}, {"model": "website.answerchoice", "pk": 124, "fields": {"text": "C", "task": 16}}, {"model": "website.answerchoice", "pk": 125, "fields": {"text": "D", "task": 16}}, {"model": "website.answerchoice", "pk": 126, "fields": {"text": "E", "task": 16}}, {"model": "website.answerchoice", "pk": 127, "fields": {"text": "F", "task": 16}}, {"model": "website.answerchoice", "pk": 128, "fields": {"text": "G", "task": 16}}, {"model": "website.answerchoice", "pk": 129, "fields": {"text": "H", "task": 16}}, {"model": "website.questionnaire", "pk": 1, "fields": {"name": "Intrinsic Motivation Inventory", "study": [1, 2]}}, {"model": "website.questionnaire", "pk": 2, "fields": {"name": "Player Experience Inventory", "study": [2]}}, {"model": "website.question", "pk": 1, "fields": {"text": "While I was working on the task I was thinking about how much I enjoyed it.", "questionnaire": 1}}, {"model": "website.question", "pk": 2, "fields": {"text": "I did not feel at all nervous about doing the task.", "questionnaire": 1}}, {"model": "website.question", "pk": 3, "fields": {"text": "I felt that it was my choice to do the task.", "questionnaire": 1}}, {"model": "website.question", "pk": 4, "fields": {"text": "I think I am pretty good at this task.", "questionnaire": 1}}, {"model": "website.question", "pk": 5, "fields": {"text": "I found the task very interesting.", "questionnaire": 1}}, {"model": "website.question", "pk": 6, "fields": {"text": "I felt tense while doing the task.", "questionnaire": 1}}, {"model": "website.question", "pk": 7, "fields": {"text": "I think I did pretty well at this activity, compared to other participants.", "questionnaire": 1}}, {"model": "website.question", "pk": 8, "fields": {"text": "Doing the task was fun.", "questionnaire": 1}}, {"model": "website.question", "pk": 9, "fields": {"text": "I felt relaxed while doing the task.", "questionnaire": 1}}, {"model": "website.question", "pk": 10, "fields": {"text": "I enjoyed doing the task very much.", "questionnaire": 1}}, {"model": "website.question", "pk": 11, "fields": {"text": "I didn't really have a choice about doing the task.", "questionnaire": 1}}, {"model": "website.question", "pk": 12, "fields": {"text": "I am satisfied with my performance at this task.", "questionnaire": 1}}, {"model": "website.question", "pk": 13, "fields": {"text": "I was anxious while doing thask.", "questionnaire": 1}}, {"model": "website.question", "pk": 14, "fields": {"text": "I thought the task was very boring.", "questionnaire": 1}}, {"model": "website.question", "pk": 15, "fields": {"text": "I felt like I was doing what I wanted to do while I was working on the task.", "questionnaire": 1}}, {"model": "website.question", "pk": 16, "fields": {"text": "I felt pretty skilled at this task.", "questionnaire": 1}}, {"model": "website.question", "pk": 17, "fields": {"text": "I thought the task was very interesting.", "questionnaire": 1}}, {"model": "website.question", "pk": 18, "fields": {"text": "I felt pressured while doing the task.", "questionnaire": 1}}, {"model": "website.question", "pk": 19, "fields": {"text": "I felt like I had to do the the task.", "questionnaire": 1}}, {"model": "website.question", "pk": 20, "fields": {"text": "I would describe the task as very enjoyable.", "questionnaire": 1}}, {"model": "website.question", "pk": 21, "fields": {"text": "I did the task because I had no choice.", "questionnaire": 1}}, {"model": "website.question", "pk": 22, "fields": {"text": "After working at this task for awhile, I felt pretty competent.", "questionnaire": 1}}, {"model": "website.submission", "pk": 33, "fields": {"study": 1, "session": "1oeg1g6ks684k7j180f1fbgfokl540f3", "list_p1": "[<Task: Task object (12)>, <Task: Task object (10)>, <Task: Task object (7)>, <Task: Task object (15)>]", "list_p2": "[<Task: Task object (8)>, <Task: Task object (14)>, <Task: Task object (4)>, <Task: Task object (2)>]", "list_m1": "[<Task: Task object (1)>, <Task: Task object (13)>, <Task: Task object (11)>, <Task: Task object (9)>]", "list_m2": "[<Task: Task object (3)>, <Task: Task object (5)>, <Task: Task object (6)>, <Task: Task object (16)>]", "terms_agree": false, "age": null, "gender": null, "finished": false}}, {"model": "website.submission", "pk": 37, "fields": {"study": 1, "session": "7q9izymy02h2h1de5wn6ep8n5ff1lax9", "list_p1": "[<Task: Task object (15)>, <Task: Task object (2)>, <Task: Task object (7)>, <Task: Task object (5)>]", "list_p2": "[<Task: Task object (12)>, <Task: Task object (14)>, <Task: Task object (10)>, <Task: Task object (3)>]", "list_m1": "[<Task: Task object (9)>, <Task: Task object (1)>, <Task: Task object (11)>, <Task: Task object (13)>]", "list_m2": "[<Task: Task object (6)>, <Task: Task object (8)>, <Task: Task object (4)>, <Task: Task object (16)>]", "terms_agree": true, "age": 25, "gender": "female", "finished": true}}, {"model": "website.questionnairesubmission", "pk": 81, "fields": {"submission": 37, "session": "7q9izymy02h2h1de5wn6ep8n5ff1lax9", "question_id": 1, "type": "pre", "item": "1", "answer": "4"}}, {"model": "website.questionnairesubmission", "pk": 82, "fields": {"submission": 37, "session": "7q9izymy02h2h1de5wn6ep8n5ff1lax9", "question_id": 2, "type": "pre", "item": "2", "answer": "5"}}, {"model": "website.questionnairesubmission", "pk": 83, "fields": {"submission": 37, "session": "7q9izymy02h2h1de5wn6ep8n5ff1lax9", "question_id": 3, "type": "pre", "item": "3", "answer": "4"}}, {"model": "website.questionnairesubmission", "pk": 84, "fields": {"submission": 37, "session": "7q9izymy02h2h1de5wn6ep8n5ff1lax9", "question_id": 4, "type": "pre", "item": "4", "answer": "5"}}, {"model": "website.questionnairesubmission", "pk": 85, "fields": {"submission": 37, "session": "7q9izymy02h2h1de5wn6ep8n5ff1lax9", "question_id": 5, "type": "pre", "item": "5", "answer": "4"}}, {"model": "website.questionnairesubmission", "pk": 86, "fields": {"submission": 37, "session": "7q9izymy02h2h1de5wn6ep8n5ff1lax9", "question_id": 6, "type": "pre", "item": "6", "answer": "3"}}, {"model": "website.questionnairesubmission", "pk": 87, "fields": {"submission": 37, "session": "7q9izymy02h2h1de5wn6ep8n5ff1lax9", "question_id": 7, "type": "pre", "item": "7", "answer": "3"}}, {"model": "website.questionnairesubmission", "pk": 88, "fields": {"submission": 37, "session": "7q9izymy02h2h1de5wn6ep8n5ff1lax9", "question_id": 8, "type": "pre", "item": "8", "answer": "2"}}, {"model": "website.questionnairesubmission", "pk": 89, "fields": {"submission": 37, "session": "7q9izymy02h2h1de5wn6ep8n5ff1lax9", "question_id": 9, "type": "pre", "item": "9", "answer": "2"}}, {"model": "website.questionnairesubmission", "pk": 90, "fields": {"submission": 37, "session": "7q9izymy02h2h1de5wn6ep8n5ff1lax9", "question_id": 10, "type": "pre", "item": "10", "answer": "2"}}, {"model": "website.questionnairesubmission", "pk": 91, "fields": {"submission": 37, "session": "7q9izymy02h2h1de5wn6ep8n5ff1lax9", "question_id": 11, "type": "pre", "item": "11", "answer": "2"}}, {"model": "website.questionnairesubmission", "pk": 92, "fields": {"submission": 37, "session": "7q9izymy02h2h1de5wn6ep8n5ff1lax9", "question_id": 12, "type": "pre", "item": "12", "answer": "2"}}, {"model": "website.questionnairesubmission", "pk": 93, "fields": {"submission": 37, "session": "7q9izymy02h2h1de5wn6ep8n5ff1lax9", "question_id": 13, "type": "pre", "item": "13", "answer": "2"}}, {"model": "website.questionnairesubmission", "pk": 94, "fields": {"submission": 37, "session": "7q9izymy02h2h1de5wn6ep8n5ff1lax9", "question_id": 14, "type": "pre", "item": "14", "answer": "2"}}, {"model": "website.questionnairesubmission", "pk": 95, "fields": {"submission": 37, "session": "7q9izymy02h2h1de5wn6ep8n5ff1lax9", "question_id": 15, "type": "pre", "item": "15", "answer": "2"}}, {"model": "website.questionnairesubmission", "pk": 96, "fields": {"submission": 37, "session": "7q9izymy02h2h1de5wn6ep8n5ff1lax9", "question_id": 16, "type": "pre", "item": "16", "answer": "2"}}, {"model": "website.questionnairesubmission", "pk": 97, "fields": {"submission": 37, "session": "7q9izymy02h2h1de5wn6ep8n5ff1lax9", "question_id": 17, "type": "pre", "item": "17", "answer": "2"}}, {"model": "website.questionnairesubmission", "pk": 98, "fields": {"submission": 37, "session": "7q9izymy02h2h1de5wn6ep8n5ff1lax9", "question_id": 18, "type": "pre", "item": "18", "answer": "2"}}, {"model": "website.questionnairesubmission", "pk": 99, "fields": {"submission": 37, "session": "7q9izymy02h2h1de5wn6ep8n5ff1lax9", "question_id": 19, "type": "pre", "item": "19", "answer": "2"}}, {"model": "website.questionnairesubmission", "pk": 100, "fields": {"submission": 37, "session": "7q9izymy02h2h1de5wn6ep8n5ff1lax9", "question_id": 20, "type": "pre", "item": "20", "answer": "2"}}, {"model": "website.questionnairesubmission", "pk": 101, "fields": {"submission": 37, "session": "7q9izymy02h2h1de5wn6ep8n5ff1lax9", "question_id": 21, "type": "pre", "item": "21", "answer": "2"}}, {"model": "website.questionnairesubmission", "pk": 102, "fields": {"submission": 37, "session": "7q9izymy02h2h1de5wn6ep8n5ff1lax9", "question_id": 22, "type": "pre", "item": "22", "answer": "2"}}, {"model": "website.questionnairesubmission", "pk": 103, "fields": {"submission": 37, "session": "7q9izymy02h2h1de5wn6ep8n5ff1lax9", "question_id": 1, "type": "main", "item": "1", "answer": "7"}}, {"model": "website.questionnairesubmission", "pk": 104, "fields": {"submission": 37, "session": "7q9izymy02h2h1de5wn6ep8n5ff1lax9", "question_id": 2, "type": "main", "item": "2", "answer": "7"}}, {"model": "website.questionnairesubmission", "pk": 105, "fields": {"submission": 37, "session": "7q9izymy02h2h1de5wn6ep8n5ff1lax9", "question_id": 3, "type": "main", "item": "3", "answer": "7"}}, {"model": "website.questionnairesubmission", "pk": 106, "fields": {"submission": 37, "session": "7q9izymy02h2h1de5wn6ep8n5ff1lax9", "question_id": 4, "type": "main", "item": "4", "answer": "1"}}, {"model": "website.questionnairesubmission", "pk": 107, "fields": {"submission": 37, "session": "7q9izymy02h2h1de5wn6ep8n5ff1lax9", "question_id": 5, "type": "main", "item": "5", "answer": "1"}}, {"model": "website.questionnairesubmission", "pk": 108, "fields": {"submission": 37, "session": "7q9izymy02h2h1de5wn6ep8n5ff1lax9", "question_id": 6, "type": "main", "item": "6", "answer": "1"}}, {"model": "website.questionnairesubmission", "pk": 109, "fields": {"submission": 37, "session": "7q9izymy02h2h1de5wn6ep8n5ff1lax9", "question_id": 7, "type": "main", "item": "7", "answer": "2"}}, {"model": "website.questionnairesubmission", "pk": 110, "fields": {"submission": 37, "session": "7q9izymy02h2h1de5wn6ep8n5ff1lax9", "question_id": 8, "type": "main", "item": "8", "answer": "2"}}, {"model": "website.questionnairesubmission", "pk": 111, "fields": {"submission": 37, "session": "7q9izymy02h2h1de5wn6ep8n5ff1lax9", "question_id": 9, "type": "main", "item": "9", "answer": "2"}}, {"model": "website.questionnairesubmission", "pk": 112, "fields": {"submission": 37, "session": "7q9izymy02h2h1de5wn6ep8n5ff1lax9", "question_id": 10, "type": "main", "item": "10", "answer": "3"}}, {"model": "website.questionnairesubmission", "pk": 113, "fields": {"submission": 37, "session": "7q9izymy02h2h1de5wn6ep8n5ff1lax9", "question_id": 11, "type": "main", "item": "11", "answer": "3"}}, {"model": "website.questionnairesubmission", "pk": 114, "fields": {"submission": 37, "session": "7q9izymy02h2h1de5wn6ep8n5ff1lax9", "question_id": 12, "type": "main", "item": "12", "answer": "3"}}, {"model": "website.questionnairesubmission", "pk": 115, "fields": {"submission": 37, "session": "7q9izymy02h2h1de5wn6ep8n5ff1lax9", "question_id": 13, "type": "main", "item": "13", "answer": "4"}}, {"model": "website.questionnairesubmission", "pk": 116, "fields": {"submission": 37, "session": "7q9izymy02h2h1de5wn6ep8n5ff1lax9", "question_id": 14, "type": "main", "item": "14", "answer": "4"}}, {"model": "website.questionnairesubmission", "pk": 117, "fields": {"submission": 37, "session": "7q9izymy02h2h1de5wn6ep8n5ff1lax9", "question_id": 15, "type": "main", "item": "15", "answer": "4"}}, {"model": "website.questionnairesubmission", "pk": 118, "fields": {"submission": 37, "session": "7q9izymy02h2h1de5wn6ep8n5ff1lax9", "question_id": 16, "type": "main", "item": "16", "answer": "5"}}, {"model": "website.questionnairesubmission", "pk": 119, "fields": {"submission": 37, "session": "7q9izymy02h2h1de5wn6ep8n5ff1lax9", "question_id": 17, "type": "main", "item": "17", "answer": "5"}}, {"model": "website.questionnairesubmission", "pk": 120, "fields": {"submission": 37, "session": "7q9izymy02h2h1de5wn6ep8n5ff1lax9", "question_id": 18, "type": "main", "item": "18", "answer": "5"}}, {"model": "website.questionnairesubmission", "pk": 121, "fields": {"submission": 37, "session": "7q9izymy02h2h1de5wn6ep8n5ff1lax9", "question_id": 19, "type": "main", "item": "19", "answer": "4"}}, {"model": "website.questionnairesubmission", "pk": 122, "fields": {"submission": 37, "session": "7q9izymy02h2h1de5wn6ep8n5ff1lax9", "question_id": 20, "type": "main", "item": "20", "answer": "4"}}, {"model": "website.questionnairesubmission", "pk": 123, "fields": {"submission": 37, "session": "7q9izymy02h2h1de5wn6ep8n5ff1lax9", "question_id": 21, "type": "main", "item": "21", "answer": "4"}}, {"model": "website.questionnairesubmission", "pk": 124, "fields": {"submission": 37, "session": "7q9izymy02h2h1de5wn6ep8n5ff1lax9", "question_id": 22, "type": "main", "item": "22", "answer": "3"}}, {"model": "website.tasksubmission", "pk": 98, "fields": {"submission": 37, "session": "7q9izymy02h2h1de5wn6ep8n5ff1lax9", "type": "p1", "item": "1", "task_id": 15, "answer": "B"}}, {"model": "website.tasksubmission", "pk": 99, "fields": {"submission": 37, "session": "7q9izymy02h2h1de5wn6ep8n5ff1lax9", "type": "p1", "item": "2", "task_id": 2, "answer": "It's impossible to tell"}}, {"model": "website.tasksubmission", "pk": 100, "fields": {"submission": 37, "session": "7q9izymy02h2h1de5wn6ep8n5ff1lax9", "type": "p1", "item": "3", "task_id": 7, "answer": "Z"}}, {"model": "website.tasksubmission", "pk": 101, "fields": {"submission": 37, "session": "7q9izymy02h2h1de5wn6ep8n5ff1lax9", "type": "p1", "item": "4", "task_id": 5, "answer": "X"}}, {"model": "website.tasksubmission", "pk": 102, "fields": {"submission": 37, "session": "7q9izymy02h2h1de5wn6ep8n5ff1lax9", "type": "p2", "item": "1", "task_id": 12, "answer": "C"}}, {"model": "website.tasksubmission", "pk": 103, "fields": {"submission": 37, "session": "7q9izymy02h2h1de5wn6ep8n5ff1lax9", "type": "p2", "item": "2", "task_id": 14, "answer": "A"}}, {"model": "website.tasksubmission", "pk": 104, "fields": {"submission": 37, "session": "7q9izymy02h2h1de5wn6ep8n5ff1lax9", "type": "p2", "item": "3", "task_id": 10, "answer": "F"}}, {"model": "website.tasksubmission", "pk": 105, "fields": {"submission": 37, "session": "7q9izymy02h2h1de5wn6ep8n5ff1lax9", "type": "p2", "item": "4", "task_id": 3, "answer": "44"}}, {"model": "website.tasksubmission", "pk": 106, "fields": {"submission": 37, "session": "7q9izymy02h2h1de5wn6ep8n5ff1lax9", "type": "m1", "item": "1", "task_id": 9, "answer": "C"}}, {"model": "website.tasksubmission", "pk": 107, "fields": {"submission": 37, "session": "7q9izymy02h2h1de5wn6ep8n5ff1lax9", "type": "m1", "item": "2", "task_id": 1, "answer": "7"}}, {"model": "website.tasksubmission", "pk": 108, "fields": {"submission": 37, "session": "7q9izymy02h2h1de5wn6ep8n5ff1lax9", "type": "m1", "item": "3", "task_id": 11, "answer": "E"}}, {"model": "website.tasksubmission", "pk": 109, "fields": {"submission": 37, "session": "7q9izymy02h2h1de5wn6ep8n5ff1lax9", "type": "m1", "item": "4", "task_id": 13, "answer": "H"}}, {"model": "website.tasksubmission", "pk": 110, "fields": {"submission": 37, "session": "7q9izymy02h2h1de5wn6ep8n5ff1lax9", "type": "m2", "item": "1", "task_id": 6, "answer": "I"}}, {"model": "website.tasksubmission", "pk": 111, "fields": {"submission": 37, "session": "7q9izymy02h2h1de5wn6ep8n5ff1lax9", "type": "m2", "item": "2", "task_id": 8, "answer": "I"}}, {"model": "website.tasksubmission", "pk": 112, "fields": {"submission": 37, "session": "7q9izymy02h2h1de5wn6ep8n5ff1lax9", "type": "m2", "item": "3", "task_id": 4, "answer": "Wednesday"}}, {"model": "website.tasksubmission", "pk": 113, "fields": {"submission": 37, "session": "7q9izymy02h2h1de5wn6ep8n5ff1lax9", "type": "m2", "item": "4", "task_id": 16, "answer": "B"}}]