[{"model": "website.study", "pk": 1, "fields": {"name": "PreliminaryStudy"}}, {"model": "website.study", "pk": 2, "fields": {"name": "MainStudy"}}, {"model": "website.taskset", "pk": 1, "fields": {"name": "Letter and Number Series", "study": [1, 2]}}, {"model": "website.taskset", "pk": 2, "fields": {"name": "Verbal Reasoning", "study": [1, 2]}}, {"model": "website.taskset", "pk": 3, "fields": {"name": "Matrix Reasoning", "study": [1, 2]}}, {"model": "website.taskset", "pk": 4, "fields": {"name": "Three-Dimensional Rotation", "study": [1, 2]}}, {"model": "website.task", "pk": 1, "fields": {"description": "What number is one fifth of one fourth of one ninth of 900?", "details": "", "item": "VR4", "task_set": 2, "image_link": ""}}, {"model": "website.task", "pk": 2, "fields": {"description": "Zach is taller than Matt and Richard is shorter than Zach. Which of the following statements would be most accurate?", "details": "", "item": "VR16", "task_set": 2, "image_link": ""}}, {"model": "website.task", "pk": 3, "fields": {"description": "Joshua is 12 years old and his sister is three times as old as he. When Joshua is 23 years old, how old will his sister be?", "details": "", "item": "VR17", "task_set": 2, "image_link": ""}}, {"model": "website.task", "pk": 4, "fields": {"description": "If the day after tomorrow is two days before Thursday then what day is it today?", "details": "", "item": "VR19", "task_set": 2, "image_link": ""}}, {"model": "website.task", "pk": 5, "fields": {"description": "In the following alphanumeric series, what letter comes next?", "details": "K N P S U", "item": "LN7", "task_set": 1, "image_link": ""}}, {"model": "website.task", "pk": 6, "fields": {"description": "In the following alphanumeric series, what letter comes next?", "details": "V Q M J H", "item": "LN33", "task_set": 1, "image_link": ""}}, {"model": "website.task", "pk": 7, "fields": {"description": "In the following alphanumeric series, what letter comes next?", "details": "I J L O S", "item": "LN34", "task_set": 1, "image_link": ""}}, {"model": "website.task", "pk": 8, "fields": {"description": "In the following alphanumeric series, what letter comes next?", "details": "Q S N P L", "item": "LN58", "task_set": 1, "image_link": ""}}, {"model": "website.task", "pk": 9, "fields": {"description": "Please indicate which is the best answer to complete the figure below.", "details": "", "item": "MX45", "task_set": 3, "image_link": "icar/MX1.jpg"}}, {"model": "website.task", "pk": 10, "fields": {"description": "Please indicate which is the best answer to complete the figure below.", "details": "", "item": "MX46", "task_set": 3, "image_link": "icar/MX2.jpg"}}, {"model": "website.task", "pk": 11, "fields": {"description": "Please indicate which is the best answer to complete the figure below.", "details": "", "item": "MX47", "task_set": 3, "image_link": "icar/MX3.jpg"}}, {"model": "website.task", "pk": 12, "fields": {"description": "Please indicate which is the best answer to complete the figure below.", "details": "", "item": "MX55", "task_set": 3, "image_link": "icar/MX4.jpg"}}, {"model": "website.task", "pk": 13, "fields": {"description": "All the cubes below have a different image on each side. Select the choice that could represent a rotation of the cube labeled X.", "details": "", "item": "R3D3", "task_set": 4, "image_link": "icar/R3D1.png"}}, {"model": "website.task", "pk": 14, "fields": {"description": "All the cubes below have a different image on each side. Select the choice that could represent a rotation of the cube labeled X.", "details": "", "item": "R3D4", "task_set": 4, "image_link": "icar/R3D2.png"}}, {"model": "website.task", "pk": 15, "fields": {"description": "All the cubes below have a different image on each side. Select the choice that could represent a rotation of the cube labeled X.", "details": "", "item": "R3D6", "task_set": 4, "image_link": "icar/R3D3.png"}}, {"model": "website.task", "pk": 16, "fields": {"description": "All the cubes below have a different image on each side. Select the choice that could represent a rotation of the cube labeled X.", "details": "", "item": "R3D8", "task_set": 4, "image_link": "icar/R3D4.png"}}, {"model": "website.answerchoice", "pk": 1, "fields": {"text": "S", "task": 5, "correct_answer": false}}, {"model": "website.answerchoice", "pk": 2, "fields": {"text": "T", "task": 5, "correct_answer": false}}, {"model": "website.answerchoice", "pk": 3, "fields": {"text": "U", "task": 5, "correct_answer": false}}, {"model": "website.answerchoice", "pk": 4, "fields": {"text": "V", "task": 5, "correct_answer": false}}, {"model": "website.answerchoice", "pk": 5, "fields": {"text": "W", "task": 5, "correct_answer": false}}, {"model": "website.answerchoice", "pk": 6, "fields": {"text": "X", "task": 5, "correct_answer": true}}, {"model": "website.answerchoice", "pk": 7, "fields": {"text": "None of these", "task": 5, "correct_answer": false}}, {"model": "website.answerchoice", "pk": 8, "fields": {"text": "I don't know", "task": 5, "correct_answer": false}}, {"model": "website.answerchoice", "pk": 9, "fields": {"text": "E", "task": 6, "correct_answer": false}}, {"model": "website.answerchoice", "pk": 10, "fields": {"text": "F", "task": 6, "correct_answer": false}}, {"model": "website.answerchoice", "pk": 11, "fields": {"text": "G", "task": 6, "correct_answer": true}}, {"model": "website.answerchoice", "pk": 12, "fields": {"text": "H", "task": 6, "correct_answer": false}}, {"model": "website.answerchoice", "pk": 13, "fields": {"text": "I", "task": 6, "correct_answer": false}}, {"model": "website.answerchoice", "pk": 14, "fields": {"text": "J", "task": 6, "correct_answer": false}}, {"model": "website.answerchoice", "pk": 15, "fields": {"text": "None of these", "task": 6, "correct_answer": false}}, {"model": "website.answerchoice", "pk": 16, "fields": {"text": "I don't know", "task": 6, "correct_answer": false}}, {"model": "website.answerchoice", "pk": 17, "fields": {"text": "T", "task": 7, "correct_answer": false}}, {"model": "website.answerchoice", "pk": 18, "fields": {"text": "U", "task": 7, "correct_answer": false}}, {"model": "website.answerchoice", "pk": 19, "fields": {"text": "V", "task": 7, "correct_answer": false}}, {"model": "website.answerchoice", "pk": 21, "fields": {"text": "X", "task": 7, "correct_answer": true}}, {"model": "website.answerchoice", "pk": 22, "fields": {"text": "Y", "task": 7, "correct_answer": false}}, {"model": "website.answerchoice", "pk": 23, "fields": {"text": "Z", "task": 7, "correct_answer": false}}, {"model": "website.answerchoice", "pk": 24, "fields": {"text": "None of these", "task": 7, "correct_answer": false}}, {"model": "website.answerchoice", "pk": 25, "fields": {"text": "I don't know", "task": 7, "correct_answer": false}}, {"model": "website.answerchoice", "pk": 26, "fields": {"text": "J", "task": 8, "correct_answer": false}}, {"model": "website.answerchoice", "pk": 27, "fields": {"text": "H", "task": 8, "correct_answer": false}}, {"model": "website.answerchoice", "pk": 28, "fields": {"text": "I", "task": 8, "correct_answer": false}}, {"model": "website.answerchoice", "pk": 29, "fields": {"text": "N", "task": 8, "correct_answer": true}}, {"model": "website.answerchoice", "pk": 30, "fields": {"text": "M", "task": 8, "correct_answer": false}}, {"model": "website.answerchoice", "pk": 31, "fields": {"text": "L", "task": 8, "correct_answer": false}}, {"model": "website.answerchoice", "pk": 32, "fields": {"text": "None of these", "task": 8, "correct_answer": false}}, {"model": "website.answerchoice", "pk": 33, "fields": {"text": "I don't know", "task": 8, "correct_answer": false}}, {"model": "website.answerchoice", "pk": 34, "fields": {"text": "A", "task": 9, "correct_answer": false}}, {"model": "website.answerchoice", "pk": 35, "fields": {"text": "B", "task": 9, "correct_answer": false}}, {"model": "website.answerchoice", "pk": 36, "fields": {"text": "C", "task": 9, "correct_answer": false}}, {"model": "website.answerchoice", "pk": 37, "fields": {"text": "D", "task": 9, "correct_answer": false}}, {"model": "website.answerchoice", "pk": 38, "fields": {"text": "E", "task": 9, "correct_answer": true}}, {"model": "website.answerchoice", "pk": 39, "fields": {"text": "F", "task": 9, "correct_answer": false}}, {"model": "website.answerchoice", "pk": 40, "fields": {"text": "None of these", "task": 9, "correct_answer": false}}, {"model": "website.answerchoice", "pk": 41, "fields": {"text": "I don't know", "task": 9, "correct_answer": false}}, {"model": "website.answerchoice", "pk": 42, "fields": {"text": "A", "task": 10, "correct_answer": false}}, {"model": "website.answerchoice", "pk": 43, "fields": {"text": "B", "task": 10, "correct_answer": true}}, {"model": "website.answerchoice", "pk": 44, "fields": {"text": "C", "task": 10, "correct_answer": false}}, {"model": "website.answerchoice", "pk": 45, "fields": {"text": "D", "task": 10, "correct_answer": false}}, {"model": "website.answerchoice", "pk": 46, "fields": {"text": "E", "task": 10, "correct_answer": false}}, {"model": "website.answerchoice", "pk": 47, "fields": {"text": "F", "task": 10, "correct_answer": false}}, {"model": "website.answerchoice", "pk": 48, "fields": {"text": "None of these", "task": 10, "correct_answer": false}}, {"model": "website.answerchoice", "pk": 49, "fields": {"text": "I don't know", "task": 10, "correct_answer": false}}, {"model": "website.answerchoice", "pk": 50, "fields": {"text": "A", "task": 11, "correct_answer": false}}, {"model": "website.answerchoice", "pk": 51, "fields": {"text": "B", "task": 11, "correct_answer": true}}, {"model": "website.answerchoice", "pk": 52, "fields": {"text": "C", "task": 11, "correct_answer": false}}, {"model": "website.answerchoice", "pk": 53, "fields": {"text": "D", "task": 11, "correct_answer": false}}, {"model": "website.answerchoice", "pk": 54, "fields": {"text": "E", "task": 11, "correct_answer": false}}, {"model": "website.answerchoice", "pk": 55, "fields": {"text": "F", "task": 11, "correct_answer": false}}, {"model": "website.answerchoice", "pk": 56, "fields": {"text": "None of these", "task": 11, "correct_answer": false}}, {"model": "website.answerchoice", "pk": 57, "fields": {"text": "I don't know", "task": 11, "correct_answer": false}}, {"model": "website.answerchoice", "pk": 58, "fields": {"text": "A", "task": 12, "correct_answer": false}}, {"model": "website.answerchoice", "pk": 59, "fields": {"text": "B", "task": 12, "correct_answer": false}}, {"model": "website.answerchoice", "pk": 60, "fields": {"text": "C", "task": 12, "correct_answer": false}}, {"model": "website.answerchoice", "pk": 61, "fields": {"text": "D", "task": 12, "correct_answer": true}}, {"model": "website.answerchoice", "pk": 62, "fields": {"text": "E", "task": 12, "correct_answer": false}}, {"model": "website.answerchoice", "pk": 63, "fields": {"text": "F", "task": 12, "correct_answer": false}}, {"model": "website.answerchoice", "pk": 64, "fields": {"text": "None of these", "task": 12, "correct_answer": false}}, {"model": "website.answerchoice", "pk": 65, "fields": {"text": "I don't know", "task": 12, "correct_answer": false}}, {"model": "website.answerchoice", "pk": 66, "fields": {"text": "2", "task": 1, "correct_answer": false}}, {"model": "website.answerchoice", "pk": 67, "fields": {"text": "3", "task": 1, "correct_answer": false}}, {"model": "website.answerchoice", "pk": 68, "fields": {"text": "4", "task": 1, "correct_answer": false}}, {"model": "website.answerchoice", "pk": 69, "fields": {"text": "5", "task": 1, "correct_answer": true}}, {"model": "website.answerchoice", "pk": 70, "fields": {"text": "6", "task": 1, "correct_answer": false}}, {"model": "website.answerchoice", "pk": 71, "fields": {"text": "7", "task": 1, "correct_answer": false}}, {"model": "website.answerchoice", "pk": 72, "fields": {"text": "None of these", "task": 1, "correct_answer": false}}, {"model": "website.answerchoice", "pk": 73, "fields": {"text": "I don't know", "task": 1, "correct_answer": false}}, {"model": "website.answerchoice", "pk": 74, "fields": {"text": "Richard is taller than Matt", "task": 2, "correct_answer": false}}, {"model": "website.answerchoice", "pk": 75, "fields": {"text": "Richard is shorter than Matt", "task": 2, "correct_answer": false}}, {"model": "website.answerchoice", "pk": 76, "fields": {"text": "Richard is as tall as Matt", "task": 2, "correct_answer": false}}, {"model": "website.answerchoice", "pk": 77, "fields": {"text": "It's impossible to tell", "task": 2, "correct_answer": true}}, {"model": "website.answerchoice", "pk": 78, "fields": {"text": "Richard is taller than Zach", "task": 2, "correct_answer": false}}, {"model": "website.answerchoice", "pk": 79, "fields": {"text": "Zach is shorter than Matt", "task": 2, "correct_answer": false}}, {"model": "website.answerchoice", "pk": 80, "fields": {"text": "None of these", "task": 2, "correct_answer": false}}, {"model": "website.answerchoice", "pk": 81, "fields": {"text": "I don't know", "task": 2, "correct_answer": false}}, {"model": "website.answerchoice", "pk": 82, "fields": {"text": "35", "task": 3, "correct_answer": false}}, {"model": "website.answerchoice", "pk": 83, "fields": {"text": "39", "task": 3, "correct_answer": false}}, {"model": "website.answerchoice", "pk": 84, "fields": {"text": "44", "task": 3, "correct_answer": false}}, {"model": "website.answerchoice", "pk": 85, "fields": {"text": "47", "task": 3, "correct_answer": true}}, {"model": "website.answerchoice", "pk": 86, "fields": {"text": "53", "task": 3, "correct_answer": false}}, {"model": "website.answerchoice", "pk": 87, "fields": {"text": "57", "task": 3, "correct_answer": false}}, {"model": "website.answerchoice", "pk": 88, "fields": {"text": "None of these", "task": 3, "correct_answer": false}}, {"model": "website.answerchoice", "pk": 89, "fields": {"text": "I don't know", "task": 3, "correct_answer": false}}, {"model": "website.answerchoice", "pk": 90, "fields": {"text": "Friday", "task": 4, "correct_answer": false}}, {"model": "website.answerchoice", "pk": 91, "fields": {"text": "Monday", "task": 4, "correct_answer": false}}, {"model": "website.answerchoice", "pk": 92, "fields": {"text": "Wednesday", "task": 4, "correct_answer": false}}, {"model": "website.answerchoice", "pk": 93, "fields": {"text": "Saturday", "task": 4, "correct_answer": false}}, {"model": "website.answerchoice", "pk": 94, "fields": {"text": "Tuesday", "task": 4, "correct_answer": false}}, {"model": "website.answerchoice", "pk": 95, "fields": {"text": "Sunday", "task": 4, "correct_answer": true}}, {"model": "website.answerchoice", "pk": 96, "fields": {"text": "None of these", "task": 4, "correct_answer": false}}, {"model": "website.answerchoice", "pk": 97, "fields": {"text": "I don't know", "task": 4, "correct_answer": false}}, {"model": "website.answerchoice", "pk": 98, "fields": {"text": "A", "task": 13, "correct_answer": false}}, {"model": "website.answerchoice", "pk": 99, "fields": {"text": "B", "task": 13, "correct_answer": false}}, {"model": "website.answerchoice", "pk": 100, "fields": {"text": "C", "task": 13, "correct_answer": true}}, {"model": "website.answerchoice", "pk": 101, "fields": {"text": "D", "task": 13, "correct_answer": false}}, {"model": "website.answerchoice", "pk": 102, "fields": {"text": "E", "task": 13, "correct_answer": false}}, {"model": "website.answerchoice", "pk": 103, "fields": {"text": "F", "task": 13, "correct_answer": false}}, {"model": "website.answerchoice", "pk": 104, "fields": {"text": "G", "task": 13, "correct_answer": false}}, {"model": "website.answerchoice", "pk": 105, "fields": {"text": "H", "task": 13, "correct_answer": false}}, {"model": "website.answerchoice", "pk": 106, "fields": {"text": "A", "task": 14, "correct_answer": false}}, {"model": "website.answerchoice", "pk": 107, "fields": {"text": "B", "task": 14, "correct_answer": true}}, {"model": "website.answerchoice", "pk": 108, "fields": {"text": "C", "task": 14, "correct_answer": false}}, {"model": "website.answerchoice", "pk": 109, "fields": {"text": "D", "task": 14, "correct_answer": false}}, {"model": "website.answerchoice", "pk": 110, "fields": {"text": "E", "task": 14, "correct_answer": false}}, {"model": "website.answerchoice", "pk": 111, "fields": {"text": "F", "task": 14, "correct_answer": false}}, {"model": "website.answerchoice", "pk": 112, "fields": {"text": "G", "task": 14, "correct_answer": false}}, {"model": "website.answerchoice", "pk": 113, "fields": {"text": "H", "task": 14, "correct_answer": false}}, {"model": "website.answerchoice", "pk": 114, "fields": {"text": "A", "task": 15, "correct_answer": false}}, {"model": "website.answerchoice", "pk": 115, "fields": {"text": "B", "task": 15, "correct_answer": false}}, {"model": "website.answerchoice", "pk": 116, "fields": {"text": "C", "task": 15, "correct_answer": false}}, {"model": "website.answerchoice", "pk": 117, "fields": {"text": "D", "task": 15, "correct_answer": false}}, {"model": "website.answerchoice", "pk": 118, "fields": {"text": "E", "task": 15, "correct_answer": false}}, {"model": "website.answerchoice", "pk": 119, "fields": {"text": "F", "task": 15, "correct_answer": true}}, {"model": "website.answerchoice", "pk": 120, "fields": {"text": "G", "task": 15, "correct_answer": false}}, {"model": "website.answerchoice", "pk": 121, "fields": {"text": "H", "task": 15, "correct_answer": false}}, {"model": "website.answerchoice", "pk": 122, "fields": {"text": "A", "task": 16, "correct_answer": false}}, {"model": "website.answerchoice", "pk": 123, "fields": {"text": "B", "task": 16, "correct_answer": false}}, {"model": "website.answerchoice", "pk": 124, "fields": {"text": "C", "task": 16, "correct_answer": false}}, {"model": "website.answerchoice", "pk": 125, "fields": {"text": "D", "task": 16, "correct_answer": false}}, {"model": "website.answerchoice", "pk": 126, "fields": {"text": "E", "task": 16, "correct_answer": false}}, {"model": "website.answerchoice", "pk": 127, "fields": {"text": "F", "task": 16, "correct_answer": false}}, {"model": "website.answerchoice", "pk": 128, "fields": {"text": "G", "task": 16, "correct_answer": true}}, {"model": "website.answerchoice", "pk": 129, "fields": {"text": "H", "task": 16, "correct_answer": false}}, {"model": "website.questionnaire", "pk": 1, "fields": {"name": "Intrinsic Motivation Inventory", "study": [1, 2]}}, {"model": "website.questionnaire", "pk": 2, "fields": {"name": "PANAS", "study": [1, 2]}}, {"model": "website.question", "pk": 1, "fields": {"text": "While I was working on the task I was thinking about how much I enjoyed it.", "questionnaire": 1}}, {"model": "website.question", "pk": 2, "fields": {"text": "I did not feel at all nervous about doing the task.", "questionnaire": 1}}, {"model": "website.question", "pk": 3, "fields": {"text": "I felt that it was my choice to do the task.", "questionnaire": 1}}, {"model": "website.question", "pk": 4, "fields": {"text": "I think I am pretty good at this task.", "questionnaire": 1}}, {"model": "website.question", "pk": 5, "fields": {"text": "I found the task very interesting.", "questionnaire": 1}}, {"model": "website.question", "pk": 6, "fields": {"text": "I felt tense while doing the task.", "questionnaire": 1}}, {"model": "website.question", "pk": 7, "fields": {"text": "I think I did pretty well at this activity, compared to other participants.", "questionnaire": 1}}, {"model": "website.question", "pk": 8, "fields": {"text": "Doing the task was fun.", "questionnaire": 1}}, {"model": "website.question", "pk": 9, "fields": {"text": "I felt relaxed while doing the task.", "questionnaire": 1}}, {"model": "website.question", "pk": 10, "fields": {"text": "I enjoyed doing the task very much.", "questionnaire": 1}}, {"model": "website.question", "pk": 11, "fields": {"text": "I didn't really have a choice about doing the task.", "questionnaire": 1}}, {"model": "website.question", "pk": 12, "fields": {"text": "I am satisfied with my performance at this task.", "questionnaire": 1}}, {"model": "website.question", "pk": 13, "fields": {"text": "I was anxious while doing thask.", "questionnaire": 1}}, {"model": "website.question", "pk": 14, "fields": {"text": "I thought the task was very boring.", "questionnaire": 1}}, {"model": "website.question", "pk": 15, "fields": {"text": "I felt like I was doing what I wanted to do while I was working on the task.", "questionnaire": 1}}, {"model": "website.question", "pk": 16, "fields": {"text": "I felt pretty skilled at this task.", "questionnaire": 1}}, {"model": "website.question", "pk": 17, "fields": {"text": "I thought the task was very interesting.", "questionnaire": 1}}, {"model": "website.question", "pk": 18, "fields": {"text": "I felt pressured while doing the task.", "questionnaire": 1}}, {"model": "website.question", "pk": 19, "fields": {"text": "I felt like I had to do the the task.", "questionnaire": 1}}, {"model": "website.question", "pk": 20, "fields": {"text": "I would describe the task as very enjoyable.", "questionnaire": 1}}, {"model": "website.question", "pk": 21, "fields": {"text": "I did the task because I had no choice.", "questionnaire": 1}}, {"model": "website.question", "pk": 22, "fields": {"text": "After working at this task for awhile, I felt pretty competent.", "questionnaire": 1}}, {"model": "website.question", "pk": 29, "fields": {"text": "active", "questionnaire": 2}}, {"model": "website.question", "pk": 30, "fields": {"text": "distressed", "questionnaire": 2}}, {"model": "website.question", "pk": 31, "fields": {"text": "interested", "questionnaire": 2}}, {"model": "website.question", "pk": 32, "fields": {"text": "excited", "questionnaire": 2}}, {"model": "website.question", "pk": 33, "fields": {"text": "upset", "questionnaire": 2}}, {"model": "website.question", "pk": 34, "fields": {"text": "strong", "questionnaire": 2}}, {"model": "website.question", "pk": 35, "fields": {"text": "guilty", "questionnaire": 2}}, {"model": "website.question", "pk": 36, "fields": {"text": "scared", "questionnaire": 2}}, {"model": "website.question", "pk": 37, "fields": {"text": "hostile", "questionnaire": 2}}, {"model": "website.question", "pk": 38, "fields": {"text": "inspired", "questionnaire": 2}}, {"model": "website.question", "pk": 39, "fields": {"text": "proud", "questionnaire": 2}}, {"model": "website.question", "pk": 40, "fields": {"text": "irritable", "questionnaire": 2}}, {"model": "website.question", "pk": 41, "fields": {"text": "enthusiastic", "questionnaire": 2}}, {"model": "website.question", "pk": 42, "fields": {"text": "ashamed", "questionnaire": 2}}, {"model": "website.question", "pk": 43, "fields": {"text": "alert", "questionnaire": 2}}, {"model": "website.question", "pk": 44, "fields": {"text": "nervous", "questionnaire": 2}}, {"model": "website.question", "pk": 45, "fields": {"text": "determined", "questionnaire": 2}}, {"model": "website.question", "pk": 46, "fields": {"text": "attentive", "questionnaire": 2}}, {"model": "website.question", "pk": 47, "fields": {"text": "jittery", "questionnaire": 2}}, {"model": "website.question", "pk": 48, "fields": {"text": "afraid", "questionnaire": 2}}, {"model": "website.submission", "pk": 61, "fields": {"study": 1, "session": "4rbsd7l2ff11zbfush06pk1abbpx7r43", "list_p1": "[<Task: Task object (3)>, <Task: Task object (16)>, <Task: Task object (9)>, <Task: Task object (5)>]", "list_p2": "[<Task: Task object (4)>, <Task: Task object (12)>, <Task: Task object (8)>, <Task: Task object (13)>]", "list_m1": "[<Task: Task object (7)>, <Task: Task object (15)>, <Task: Task object (10)>, <Task: Task object (11)>]", "list_m2": "[<Task: Task object (1)>, <Task: Task object (2)>, <Task: Task object (6)>, <Task: Task object (14)>]", "terms_agree": false, "age": null, "framing": null, "gender": null, "finished": false, "suspect_deception": null, "text_deception": null, "request_delete": false}}, {"model": "website.submission", "pk": 62, "fields": {"study": 1, "session": "2as9fms9pbplavz025owewkjpixz33uc", "list_p1": "[<Task: Task object (13)>, <Task: Task object (8)>, <Task: Task object (15)>, <Task: Task object (9)>]", "list_p2": "[<Task: Task object (4)>, <Task: Task object (1)>, <Task: Task object (10)>, <Task: Task object (6)>]", "list_m1": "[<Task: Task object (7)>, <Task: Task object (11)>, <Task: Task object (2)>, <Task: Task object (14)>]", "list_m2": "[<Task: Task object (12)>, <Task: Task object (5)>, <Task: Task object (16)>, <Task: Task object (3)>]", "terms_agree": true, "age": "77", "framing": 2, "gender": "male", "finished": true, "suspect_deception": false, "text_deception": null, "request_delete": true}}, {"model": "website.submission", "pk": 63, "fields": {"study": 1, "session": "0ca02earx34j7l1r3sakpf2ah83s9zoh", "list_p1": "[<Task: Task object (6)>, <Task: Task object (12)>, <Task: Task object (2)>, <Task: Task object (10)>]", "list_p2": "[<Task: Task object (3)>, <Task: Task object (14)>, <Task: Task object (5)>, <Task: Task object (15)>]", "list_m1": "[<Task: Task object (7)>, <Task: Task object (13)>, <Task: Task object (1)>, <Task: Task object (4)>]", "list_m2": "[<Task: Task object (16)>, <Task: Task object (9)>, <Task: Task object (8)>, <Task: Task object (11)>]", "terms_agree": false, "age": null, "framing": null, "gender": null, "finished": false, "suspect_deception": null, "text_deception": null, "request_delete": false}}, {"model": "website.submission", "pk": 64, "fields": {"study": 1, "session": "tw06u42gdlplkrje3o606zloq6u71guh", "list_p1": "[<Task: Task object (4)>, <Task: Task object (8)>, <Task: Task object (16)>, <Task: Task object (6)>]", "list_p2": "[<Task: Task object (14)>, <Task: Task object (11)>, <Task: Task object (2)>, <Task: Task object (10)>]", "list_m1": "[<Task: Task object (3)>, <Task: Task object (9)>, <Task: Task object (1)>, <Task: Task object (12)>]", "list_m2": "[<Task: Task object (7)>, <Task: Task object (5)>, <Task: Task object (15)>, <Task: Task object (13)>]", "terms_agree": false, "age": null, "framing": null, "gender": null, "finished": false, "suspect_deception": null, "text_deception": null, "request_delete": false}}, {"model": "website.submission", "pk": 65, "fields": {"study": 1, "session": "izh91c7yk5zflitlxrsldhsy3kwk7y2u", "list_p1": "[<Task: Task object (3)>, <Task: Task object (6)>, <Task: Task object (5)>, <Task: Task object (14)>]", "list_p2": "[<Task: Task object (10)>, <Task: Task object (4)>, <Task: Task object (9)>, <Task: Task object (16)>]", "list_m1": "[<Task: Task object (12)>, <Task: Task object (13)>, <Task: Task object (15)>, <Task: Task object (11)>]", "list_m2": "[<Task: Task object (2)>, <Task: Task object (1)>, <Task: Task object (8)>, <Task: Task object (7)>]", "terms_agree": true, "age": "6", "framing": 2, "gender": "prefer not to say", "finished": false, "suspect_deception": null, "text_deception": null, "request_delete": false}}, {"model": "website.submission", "pk": 66, "fields": {"study": 1, "session": "eno01srp56asbqfqe7l5891zzaya5le9", "list_p1": "[<Task: Task object (16)>, <Task: Task object (4)>, <Task: Task object (15)>, <Task: Task object (1)>]", "list_p2": "[<Task: Task object (6)>, <Task: Task object (9)>, <Task: Task object (7)>, <Task: Task object (10)>]", "list_m1": "[<Task: Task object (8)>, <Task: Task object (13)>, <Task: Task object (2)>, <Task: Task object (12)>]", "list_m2": "[<Task: Task object (14)>, <Task: Task object (3)>, <Task: Task object (11)>, <Task: Task object (5)>]", "terms_agree": true, "age": "15", "framing": 1, "gender": "male", "finished": true, "suspect_deception": false, "text_deception": null, "request_delete": true}}, {"model": "website.submission", "pk": 69, "fields": {"study": 1, "session": "f60oyb6bx37llvc3qtrc8owjex0wdr7e", "list_p1": "[<Task: Task object (4)>, <Task: Task object (3)>, <Task: Task object (15)>, <Task: Task object (10)>]", "list_p2": "[<Task: Task object (6)>, <Task: Task object (14)>, <Task: Task object (8)>, <Task: Task object (11)>]", "list_m1": "[<Task: Task object (7)>, <Task: Task object (16)>, <Task: Task object (12)>, <Task: Task object (9)>]", "list_m2": "[<Task: Task object (5)>, <Task: Task object (13)>, <Task: Task object (2)>, <Task: Task object (1)>]", "terms_agree": false, "age": null, "framing": null, "gender": null, "finished": false, "suspect_deception": null, "text_deception": null, "request_delete": false}}, {"model": "website.submission", "pk": 70, "fields": {"study": 1, "session": "sqs7x1jgga1kr0zq54u74zchpm7r6jar", "list_p1": "[<Task: Task object (6)>, <Task: Task object (12)>, <Task: Task object (3)>, <Task: Task object (2)>]", "list_p2": "[<Task: Task object (15)>, <Task: Task object (16)>, <Task: Task object (10)>, <Task: Task object (5)>]", "list_m1": "[<Task: Task object (1)>, <Task: Task object (7)>, <Task: Task object (4)>, <Task: Task object (13)>]", "list_m2": "[<Task: Task object (8)>, <Task: Task object (14)>, <Task: Task object (11)>, <Task: Task object (9)>]", "terms_agree": false, "age": null, "framing": null, "gender": null, "finished": false, "suspect_deception": null, "text_deception": null, "request_delete": false}}, {"model": "website.submission", "pk": 72, "fields": {"study": 1, "session": "vktw7rcjh1wov32ah8lvrgvtgt1xro3k", "list_p1": "[<Task: Task object (7)>, <Task: Task object (3)>, <Task: Task object (15)>, <Task: Task object (14)>]", "list_p2": "[<Task: Task object (12)>, <Task: Task object (8)>, <Task: Task object (11)>, <Task: Task object (1)>]", "list_m1": "[<Task: Task object (13)>, <Task: Task object (9)>, <Task: Task object (5)>, <Task: Task object (2)>]", "list_m2": "[<Task: Task object (10)>, <Task: Task object (6)>, <Task: Task object (4)>, <Task: Task object (16)>]", "terms_agree": false, "age": null, "framing": null, "gender": null, "finished": false, "suspect_deception": null, "text_deception": null, "request_delete": false}}, {"model": "website.submission", "pk": 75, "fields": {"study": 1, "session": "yzfb6afbomcja5z4hehsw9jvgr8gmuh1", "list_p1": "[<Task: Task object (4)>, <Task: Task object (8)>, <Task: Task object (7)>, <Task: Task object (2)>]", "list_p2": "[<Task: Task object (15)>, <Task: Task object (9)>, <Task: Task object (10)>, <Task: Task object (16)>]", "list_m1": "[<Task: Task object (5)>, <Task: Task object (14)>, <Task: Task object (3)>, <Task: Task object (1)>]", "list_m2": "[<Task: Task object (12)>, <Task: Task object (11)>, <Task: Task object (6)>, <Task: Task object (13)>]", "terms_agree": true, "age": "10", "framing": 2, "gender": "other", "finished": true, "suspect_deception": false, "text_deception": null, "request_delete": false}}, {"model": "website.submission", "pk": 76, "fields": {"study": 1, "session": "f9f4p4ucga7r7inr3sowfxgucb36nx4e", "list_p1": "[<Task: Task object (11)>, <Task: Task object (1)>, <Task: Task object (16)>, <Task: Task object (13)>]", "list_p2": "[<Task: Task object (5)>, <Task: Task object (12)>, <Task: Task object (8)>, <Task: Task object (3)>]", "list_m1": "[<Task: Task object (14)>, <Task: Task object (9)>, <Task: Task object (15)>, <Task: Task object (4)>]", "list_m2": "[<Task: Task object (2)>, <Task: Task object (7)>, <Task: Task object (10)>, <Task: Task object (6)>]", "terms_agree": false, "age": null, "framing": null, "gender": null, "finished": false, "suspect_deception": null, "text_deception": null, "request_delete": false}}, {"model": "website.submission", "pk": 94, "fields": {"study": 1, "session": "9l7h9ygyh8s2uvssm4vzhbpfy1oalj1u", "list_p1": "[<Task: Task object (3)>, <Task: Task object (7)>, <Task: Task object (12)>, <Task: Task object (14)>]", "list_p2": "[<Task: Task object (11)>, <Task: Task object (4)>, <Task: Task object (6)>, <Task: Task object (15)>]", "list_m1": "[<Task: Task object (16)>, <Task: Task object (2)>, <Task: Task object (10)>, <Task: Task object (13)>]", "list_m2": "[<Task: Task object (9)>, <Task: Task object (5)>, <Task: Task object (1)>, <Task: Task object (8)>]", "terms_agree": false, "age": null, "framing": null, "gender": null, "finished": false, "suspect_deception": null, "text_deception": null, "request_delete": false}}, {"model": "website.submission", "pk": 98, "fields": {"study": 1, "session": "kq9q5hirfioilwi2u35clqdklzo56iwn", "list_p1": "[<Task: Task object (3)>, <Task: Task object (9)>, <Task: Task object (8)>, <Task: Task object (11)>]", "list_p2": "[<Task: Task object (13)>, <Task: Task object (6)>, <Task: Task object (1)>, <Task: Task object (16)>]", "list_m1": "[<Task: Task object (5)>, <Task: Task object (7)>, <Task: Task object (2)>, <Task: Task object (15)>]", "list_m2": "[<Task: Task object (14)>, <Task: Task object (4)>, <Task: Task object (10)>, <Task: Task object (12)>]", "terms_agree": false, "age": null, "framing": null, "gender": null, "finished": false, "suspect_deception": null, "text_deception": null, "request_delete": false}}, {"model": "website.submission", "pk": 99, "fields": {"study": 1, "session": "5ub9hs3ifae8ji7edy0x2wjgoguir1ud", "list_p1": "[<Task: Task object (11)>, <Task: Task object (8)>, <Task: Task object (3)>, <Task: Task object (4)>]", "list_p2": "[<Task: Task object (10)>, <Task: Task object (6)>, <Task: Task object (13)>, <Task: Task object (15)>]", "list_m1": "[<Task: Task object (5)>, <Task: Task object (2)>, <Task: Task object (12)>, <Task: Task object (1)>]", "list_m2": "[<Task: Task object (9)>, <Task: Task object (14)>, <Task: Task object (7)>, <Task: Task object (16)>]", "terms_agree": false, "age": null, "framing": null, "gender": null, "finished": false, "suspect_deception": null, "text_deception": null, "request_delete": false}}, {"model": "website.submission", "pk": 103, "fields": {"study": 1, "session": "6nws7qf7j6y4dynjb03fyyqctrvwvs6a", "list_p1": "[<Task: Task object (2)>, <Task: Task object (16)>, <Task: Task object (15)>, <Task: Task object (6)>]", "list_p2": "[<Task: Task object (3)>, <Task: Task object (11)>, <Task: Task object (12)>, <Task: Task object (7)>]", "list_m1": "[<Task: Task object (5)>, <Task: Task object (8)>, <Task: Task object (1)>, <Task: Task object (10)>]", "list_m2": "[<Task: Task object (4)>, <Task: Task object (14)>, <Task: Task object (13)>, <Task: Task object (9)>]", "terms_agree": true, "age": "1", "framing": 1, "gender": "female", "finished": false, "suspect_deception": null, "text_deception": null, "request_delete": false}}, {"model": "website.submission", "pk": 104, "fields": {"study": 1, "session": "p0xazwhj1aclc1euwom0yjdv78tnuy66", "list_p1": "[<Task: Task object (2)>, <Task: Task object (11)>, <Task: Task object (3)>, <Task: Task object (14)>]", "list_p2": "[<Task: Task object (8)>, <Task: Task object (16)>, <Task: Task object (6)>, <Task: Task object (9)>]", "list_m1": "[<Task: Task object (7)>, <Task: Task object (12)>, <Task: Task object (10)>, <Task: Task object (13)>]", "list_m2": "[<Task: Task object (4)>, <Task: Task object (5)>, <Task: Task object (15)>, <Task: Task object (1)>]", "terms_agree": true, "age": "88", "framing": 1, "gender": "female", "finished": true, "suspect_deception": null, "text_deception": null, "request_delete": false}}, {"model": "website.submission", "pk": 107, "fields": {"study": 1, "session": "zsgnh0kekmr1xjw0j2fsi60yccz1g9z3", "list_p1": "[<Task: Task object (13)>, <Task: Task object (1)>, <Task: Task object (2)>, <Task: Task object (6)>]", "list_p2": "[<Task: Task object (11)>, <Task: Task object (9)>, <Task: Task object (8)>, <Task: Task object (15)>]", "list_m1": "[<Task: Task object (3)>, <Task: Task object (12)>, <Task: Task object (4)>, <Task: Task object (10)>]", "list_m2": "[<Task: Task object (7)>, <Task: Task object (5)>, <Task: Task object (14)>, <Task: Task object (16)>]", "terms_agree": true, "age": "6", "framing": 2, "gender": "female", "finished": true, "suspect_deception": false, "text_deception": null, "request_delete": false}}, {"model": "website.submission", "pk": 108, "fields": {"study": 1, "session": "4lpwd10dt8bc8taw1gkitykzz4tvaap0", "list_p1": "[<Task: Task object (2)>, <Task: Task object (16)>, <Task: Task object (6)>, <Task: Task object (10)>]", "list_p2": "[<Task: Task object (5)>, <Task: Task object (4)>, <Task: Task object (15)>, <Task: Task object (9)>]", "list_m1": "[<Task: Task object (12)>, <Task: Task object (8)>, <Task: Task object (3)>, <Task: Task object (13)>]", "list_m2": "[<Task: Task object (14)>, <Task: Task object (1)>, <Task: Task object (11)>, <Task: Task object (7)>]", "terms_agree": true, "age": "98", "framing": 0, "gender": "other", "finished": true, "suspect_deception": false, "text_deception": null, "request_delete": true}}, {"model": "website.submission", "pk": 109, "fields": {"study": 1, "session": "l9pwoldov6d6p43hbwm0e48ut0o2cau4", "list_p1": "[<Task: Task object (10)>, <Task: Task object (1)>, <Task: Task object (13)>, <Task: Task object (9)>]", "list_p2": "[<Task: Task object (14)>, <Task: Task object (6)>, <Task: Task object (4)>, <Task: Task object (7)>]", "list_m1": "[<Task: Task object (3)>, <Task: Task object (12)>, <Task: Task object (2)>, <Task: Task object (16)>]", "list_m2": "[<Task: Task object (8)>, <Task: Task object (5)>, <Task: Task object (15)>, <Task: Task object (11)>]", "terms_agree": true, "age": "5", "framing": 2, "gender": "female", "finished": false, "suspect_deception": null, "text_deception": null, "request_delete": false}}, {"model": "website.submission", "pk": 110, "fields": {"study": 1, "session": "unlz3ug58zq0ky0sbdpfew3buucu6sjh", "list_p1": "[<Task: Task object (8)>, <Task: Task object (13)>, <Task: Task object (9)>, <Task: Task object (6)>]", "list_p2": "[<Task: Task object (16)>, <Task: Task object (10)>, <Task: Task object (2)>, <Task: Task object (1)>]", "list_m1": "[<Task: Task object (11)>, <Task: Task object (4)>, <Task: Task object (3)>, <Task: Task object (12)>]", "list_m2": "[<Task: Task object (5)>, <Task: Task object (14)>, <Task: Task object (15)>, <Task: Task object (7)>]", "terms_agree": false, "age": null, "framing": null, "gender": null, "finished": false, "suspect_deception": null, "text_deception": null, "request_delete": false}}, {"model": "website.submission", "pk": 111, "fields": {"study": 1, "session": "tcl6jvkita2g2m1db3vwa2ne56yaioge", "list_p1": "[<Task: Task object (9)>, <Task: Task object (7)>, <Task: Task object (1)>, <Task: Task object (14)>]", "list_p2": "[<Task: Task object (11)>, <Task: Task object (5)>, <Task: Task object (13)>, <Task: Task object (2)>]", "list_m1": "[<Task: Task object (4)>, <Task: Task object (12)>, <Task: Task object (3)>, <Task: Task object (16)>]", "list_m2": "[<Task: Task object (8)>, <Task: Task object (10)>, <Task: Task object (15)>, <Task: Task object (6)>]", "terms_agree": false, "age": null, "framing": null, "gender": null, "finished": false, "suspect_deception": null, "text_deception": null, "request_delete": false}}, {"model": "website.submission", "pk": 112, "fields": {"study": 1, "session": "slardblhtbm6yhyceq7hq5flu1lw0ium", "list_p1": "[<Task: Task object (5)>, <Task: Task object (11)>, <Task: Task object (7)>, <Task: Task object (2)>]", "list_p2": "[<Task: Task object (12)>, <Task: Task object (15)>, <Task: Task object (14)>, <Task: Task object (1)>]", "list_m1": "[<Task: Task object (8)>, <Task: Task object (16)>, <Task: Task object (4)>, <Task: Task object (13)>]", "list_m2": "[<Task: Task object (10)>, <Task: Task object (3)>, <Task: Task object (9)>, <Task: Task object (6)>]", "terms_agree": true, "age": null, "framing": 2, "gender": null, "finished": false, "suspect_deception": null, "text_deception": null, "request_delete": false}}, {"model": "website.submission", "pk": 113, "fields": {"study": 1, "session": "bs2ubvfj4si15890y3guf1b64ogf6ivp", "list_p1": "[<Task: Task object (9)>, <Task: Task object (13)>, <Task: Task object (7)>, <Task: Task object (8)>]", "list_p2": "[<Task: Task object (16)>, <Task: Task object (3)>, <Task: Task object (10)>, <Task: Task object (4)>]", "list_m1": "[<Task: Task object (2)>, <Task: Task object (14)>, <Task: Task object (15)>, <Task: Task object (6)>]", "list_m2": "[<Task: Task object (12)>, <Task: Task object (11)>, <Task: Task object (5)>, <Task: Task object (1)>]", "terms_agree": true, "age": null, "framing": 0, "gender": null, "finished": false, "suspect_deception": null, "text_deception": null, "request_delete": false}}, {"model": "website.submission", "pk": 114, "fields": {"study": 1, "session": "x2r7j24cqna0vfeboigpvrm2klkh6ofx", "list_p1": "[<Task: Task object (10)>, <Task: Task object (9)>, <Task: Task object (14)>, <Task: Task object (5)>]", "list_p2": "[<Task: Task object (15)>, <Task: Task object (3)>, <Task: Task object (8)>, <Task: Task object (2)>]", "list_m1": "[<Task: Task object (1)>, <Task: Task object (4)>, <Task: Task object (16)>, <Task: Task object (12)>]", "list_m2": "[<Task: Task object (13)>, <Task: Task object (11)>, <Task: Task object (6)>, <Task: Task object (7)>]", "terms_agree": true, "age": null, "framing": 2, "gender": null, "finished": false, "suspect_deception": null, "text_deception": null, "request_delete": false}}, {"model": "website.submission", "pk": 115, "fields": {"study": 1, "session": "9241dn23594eafvaft7ymuw89h0xn67e", "list_p1": "[<Task: Task object (14)>, <Task: Task object (12)>, <Task: Task object (4)>, <Task: Task object (7)>]", "list_p2": "[<Task: Task object (15)>, <Task: Task object (5)>, <Task: Task object (3)>, <Task: Task object (9)>]", "list_m1": "[<Task: Task object (2)>, <Task: Task object (8)>, <Task: Task object (1)>, <Task: Task object (13)>]", "list_m2": "[<Task: Task object (16)>, <Task: Task object (6)>, <Task: Task object (11)>, <Task: Task object (10)>]", "terms_agree": true, "age": "53-59", "framing": 2, "gender": "prefer not to say", "finished": false, "suspect_deception": null, "text_deception": null, "request_delete": false}}, {"model": "website.submission", "pk": 116, "fields": {"study": 1, "session": "438dnaljzi0dqq61ez970voprzqzanyu", "list_p1": "[<Task: Task object (3)>, <Task: Task object (16)>, <Task: Task object (12)>, <Task: Task object (8)>]", "list_p2": "[<Task: Task object (10)>, <Task: Task object (6)>, <Task: Task object (15)>, <Task: Task object (1)>]", "list_m1": "[<Task: Task object (5)>, <Task: Task object (2)>, <Task: Task object (11)>, <Task: Task object (4)>]", "list_m2": "[<Task: Task object (13)>, <Task: Task object (14)>, <Task: Task object (7)>, <Task: Task object (9)>]", "terms_agree": true, "age": null, "framing": 1, "gender": null, "finished": false, "suspect_deception": null, "text_deception": null, "request_delete": false}}, {"model": "website.submission", "pk": 117, "fields": {"study": 1, "session": "d07k2mfidb4vmnzdm6b5shz7ca3icyeo", "list_p1": "[<Task: Task object (14)>, <Task: Task object (13)>, <Task: Task object (6)>, <Task: Task object (10)>]", "list_p2": "[<Task: Task object (5)>, <Task: Task object (12)>, <Task: Task object (4)>, <Task: Task object (1)>]", "list_m1": "[<Task: Task object (7)>, <Task: Task object (3)>, <Task: Task object (16)>, <Task: Task object (8)>]", "list_m2": "[<Task: Task object (15)>, <Task: Task object (11)>, <Task: Task object (9)>, <Task: Task object (2)>]", "terms_agree": true, "age": "32-38", "framing": 1, "gender": "female", "finished": false, "suspect_deception": null, "text_deception": null, "request_delete": false}}, {"model": "website.submission", "pk": 121, "fields": {"study": 1, "session": "u74lm2lampkzy3rkmkcpnyadxkfe6qgl", "list_p1": "[<Task: Task object (10)>, <Task: Task object (13)>, <Task: Task object (12)>, <Task: Task object (8)>]", "list_p2": "[<Task: Task object (16)>, <Task: Task object (5)>, <Task: Task object (4)>, <Task: Task object (3)>]", "list_m1": "[<Task: Task object (9)>, <Task: Task object (11)>, <Task: Task object (14)>, <Task: Task object (2)>]", "list_m2": "[<Task: Task object (7)>, <Task: Task object (6)>, <Task: Task object (1)>, <Task: Task object (15)>]", "terms_agree": false, "age": null, "framing": null, "gender": null, "finished": false, "suspect_deception": null, "text_deception": null, "request_delete": false}}, {"model": "website.submission", "pk": 128, "fields": {"study": 1, "session": "oj9er4er5rmj2bjlirdlyrn4s1qk7m45", "list_p1": "[<Task: Task object (1)>, <Task: Task object (7)>, <Task: Task object (16)>, <Task: Task object (9)>]", "list_p2": "[<Task: Task object (11)>, <Task: Task object (15)>, <Task: Task object (8)>, <Task: Task object (4)>]", "list_m1": "[<Task: Task object (5)>, <Task: Task object (10)>, <Task: Task object (3)>, <Task: Task object (6)>]", "list_m2": "[<Task: Task object (14)>, <Task: Task object (2)>, <Task: Task object (13)>, <Task: Task object (12)>]", "terms_agree": true, "age": "25-31", "framing": 2, "gender": "prefer to self-describe: Juls", "finished": true, "suspect_deception": false, "text_deception": null, "request_delete": true}}, {"model": "website.submission", "pk": 129, "fields": {"study": 1, "session": "rf4a750k0lr6r2l77n9f5jf60gqi9zre", "list_p1": "[<Task: Task object (10)>, <Task: Task object (8)>, <Task: Task object (16)>, <Task: Task object (6)>]", "list_p2": "[<Task: Task object (4)>, <Task: Task object (1)>, <Task: Task object (11)>, <Task: Task object (15)>]", "list_m1": "[<Task: Task object (5)>, <Task: Task object (13)>, <Task: Task object (7)>, <Task: Task object (9)>]", "list_m2": "[<Task: Task object (2)>, <Task: Task object (3)>, <Task: Task object (12)>, <Task: Task object (14)>]", "terms_agree": true, "age": "46-52", "framing": 2, "gender": "non-binary", "finished": true, "suspect_deception": false, "text_deception": "dfhswhd", "request_delete": false}}, {"model": "website.submission", "pk": 130, "fields": {"study": 1, "session": "xtalv7s0cjd8eyvqixe44y4kyjn4zssi", "list_p1": "[<Task: Task object (6)>, <Task: Task object (16)>, <Task: Task object (14)>, <Task: Task object (2)>]", "list_p2": "[<Task: Task object (11)>, <Task: Task object (10)>, <Task: Task object (3)>, <Task: Task object (8)>]", "list_m1": "[<Task: Task object (5)>, <Task: Task object (13)>, <Task: Task object (12)>, <Task: Task object (1)>]", "list_m2": "[<Task: Task object (7)>, <Task: Task object (4)>, <Task: Task object (9)>, <Task: Task object (15)>]", "terms_agree": true, "age": "25-31", "framing": 2, "gender": "woman", "finished": true, "suspect_deception": true, "text_deception": "ewtrezq5zerzqerzeqrz", "request_delete": false}}, {"model": "website.submission", "pk": 131, "fields": {"study": 1, "session": "9uho2aes8w8xp6w1haxpekkusfetmp1c", "list_p1": "[<Task: Task object (5)>, <Task: Task object (7)>, <Task: Task object (16)>, <Task: Task object (12)>]", "list_p2": "[<Task: Task object (10)>, <Task: Task object (15)>, <Task: Task object (4)>, <Task: Task object (2)>]", "list_m1": "[<Task: Task object (11)>, <Task: Task object (6)>, <Task: Task object (1)>, <Task: Task object (9)>]", "list_m2": "[<Task: Task object (8)>, <Task: Task object (14)>, <Task: Task object (3)>, <Task: Task object (13)>]", "terms_agree": true, "age": ">65", "framing": 2, "gender": "prefer to self-describe: old", "finished": true, "suspect_deception": false, "text_deception": "zjetzjetjezjejz", "request_delete": true}}, {"model": "website.submission", "pk": 133, "fields": {"study": 1, "session": "1zx5hee4gi93c67gihdvwju2cisavy3o", "list_p1": "[<Task: Task object (14)>, <Task: Task object (8)>, <Task: Task object (6)>, <Task: Task object (3)>]", "list_p2": "[<Task: Task object (12)>, <Task: Task object (15)>, <Task: Task object (11)>, <Task: Task object (1)>]", "list_m1": "[<Task: Task object (16)>, <Task: Task object (7)>, <Task: Task object (5)>, <Task: Task object (10)>]", "list_m2": "[<Task: Task object (2)>, <Task: Task object (4)>, <Task: Task object (13)>, <Task: Task object (9)>]", "terms_agree": false, "age": null, "framing": null, "gender": null, "finished": false, "suspect_deception": null, "text_deception": null, "request_delete": false}}, {"model": "website.submission", "pk": 134, "fields": {"study": 1, "session": "sevpu3mtp4fru8ii8krsvorwakgx3xmy", "list_p1": "[<Task: Task object (8)>, <Task: Task object (13)>, <Task: Task object (5)>, <Task: Task object (2)>]", "list_p2": "[<Task: Task object (3)>, <Task: Task object (11)>, <Task: Task object (12)>, <Task: Task object (15)>]", "list_m1": "[<Task: Task object (16)>, <Task: Task object (9)>, <Task: Task object (4)>, <Task: Task object (7)>]", "list_m2": "[<Task: Task object (10)>, <Task: Task object (1)>, <Task: Task object (14)>, <Task: Task object (6)>]", "terms_agree": true, "age": "25-31", "framing": 2, "gender": "woman", "finished": true, "suspect_deception": true, "text_deception": "Knew it", "request_delete": true}}, {"model": "website.submission", "pk": 135, "fields": {"study": 1, "session": "4i4nk9rl956aa1ino2mam09y1bcomii9", "list_p1": "[<Task: Task object (7)>, <Task: Task object (5)>, <Task: Task object (2)>, <Task: Task object (4)>]", "list_p2": "[<Task: Task object (9)>, <Task: Task object (14)>, <Task: Task object (11)>, <Task: Task object (13)>]", "list_m1": "[<Task: Task object (3)>, <Task: Task object (16)>, <Task: Task object (15)>, <Task: Task object (8)>]", "list_m2": "[<Task: Task object (6)>, <Task: Task object (1)>, <Task: Task object (12)>, <Task: Task object (10)>]", "terms_agree": true, "age": "60-65", "framing": 2, "gender": "non-binary", "finished": true, "suspect_deception": false, "text_deception": "", "request_delete": false}}, {"model": "website.submission", "pk": 136, "fields": {"study": 1, "session": "7g0i1dzal16ta572qbx777up9mjo6dli", "list_p1": "[<Task: Task object (1)>, <Task: Task object (10)>, <Task: Task object (2)>, <Task: Task object (13)>]", "list_p2": "[<Task: Task object (14)>, <Task: Task object (9)>, <Task: Task object (8)>, <Task: Task object (7)>]", "list_m1": "[<Task: Task object (11)>, <Task: Task object (6)>, <Task: Task object (12)>, <Task: Task object (16)>]", "list_m2": "[<Task: Task object (4)>, <Task: Task object (5)>, <Task: Task object (3)>, <Task: Task object (15)>]", "terms_agree": true, "age": "60-65", "framing": 2, "gender": "non-binary", "finished": true, "suspect_deception": true, "text_deception": "", "request_delete": true}}, {"model": "website.submission", "pk": 137, "fields": {"study": 1, "session": "17a9qz3hdl1grv9i6n0iopfdj9xyx8a2", "list_p1": "[<Task: Task object (4)>, <Task: Task object (1)>, <Task: Task object (9)>, <Task: Task object (15)>]", "list_p2": "[<Task: Task object (7)>, <Task: Task object (10)>, <Task: Task object (16)>, <Task: Task object (5)>]", "list_m1": "[<Task: Task object (2)>, <Task: Task object (12)>, <Task: Task object (6)>, <Task: Task object (11)>]", "list_m2": "[<Task: Task object (3)>, <Task: Task object (14)>, <Task: Task object (8)>, <Task: Task object (13)>]", "terms_agree": true, "age": "60-65", "framing": 2, "gender": "prefer not to disclose", "finished": true, "suspect_deception": null, "text_deception": null, "request_delete": true}}, {"model": "website.submission", "pk": 138, "fields": {"study": 1, "session": "rwgp024w0c26wysfsothqg7ti5rzeiq5", "list_p1": "[<Task: Task object (9)>, <Task: Task object (2)>, <Task: Task object (16)>, <Task: Task object (11)>]", "list_p2": "[<Task: Task object (4)>, <Task: Task object (15)>, <Task: Task object (8)>, <Task: Task object (6)>]", "list_m1": "[<Task: Task object (3)>, <Task: Task object (14)>, <Task: Task object (7)>, <Task: Task object (1)>]", "list_m2": "[<Task: Task object (13)>, <Task: Task object (10)>, <Task: Task object (12)>, <Task: Task object (5)>]", "terms_agree": true, "age": ">65", "framing": 1, "gender": "woman", "finished": true, "suspect_deception": false, "text_deception": ".,kmn", "request_delete": false}}, {"model": "website.submission", "pk": 139, "fields": {"study": 1, "session": "3v6wmy1ql48yaix27b5m715t0ag0vs0h", "list_p1": "[<Task: Task object (3)>, <Task: Task object (5)>, <Task: Task object (4)>, <Task: Task object (16)>]", "list_p2": "[<Task: Task object (15)>, <Task: Task object (6)>, <Task: Task object (11)>, <Task: Task object (9)>]", "list_m1": "[<Task: Task object (7)>, <Task: Task object (8)>, <Task: Task object (12)>, <Task: Task object (1)>]", "list_m2": "[<Task: Task object (2)>, <Task: Task object (13)>, <Task: Task object (10)>, <Task: Task object (14)>]", "terms_agree": true, "age": "53-59", "framing": 1, "gender": "prefer not to disclose", "finished": true, "suspect_deception": null, "text_deception": null, "request_delete": true}}, {"model": "website.questionnairesubmission", "pk": 547, "fields": {"submission": 75, "session": "yzfb6afbomcja5z4hehsw9jvgr8gmuh1", "question_id": 1, "name": "IMI", "type": "pre", "item": "1", "answer": "3"}}, {"model": "website.questionnairesubmission", "pk": 548, "fields": {"submission": 75, "session": "yzfb6afbomcja5z4hehsw9jvgr8gmuh1", "question_id": 2, "name": "IMI", "type": "pre", "item": "2", "answer": "4"}}, {"model": "website.questionnairesubmission", "pk": 549, "fields": {"submission": 75, "session": "yzfb6afbomcja5z4hehsw9jvgr8gmuh1", "question_id": 3, "name": "IMI", "type": "pre", "item": "3", "answer": "2"}}, {"model": "website.questionnairesubmission", "pk": 550, "fields": {"submission": 75, "session": "yzfb6afbomcja5z4hehsw9jvgr8gmuh1", "question_id": 4, "name": "IMI", "type": "pre", "item": "4", "answer": "2"}}, {"model": "website.questionnairesubmission", "pk": 551, "fields": {"submission": 75, "session": "yzfb6afbomcja5z4hehsw9jvgr8gmuh1", "question_id": 5, "name": "IMI", "type": "pre", "item": "5", "answer": "2"}}, {"model": "website.questionnairesubmission", "pk": 552, "fields": {"submission": 75, "session": "yzfb6afbomcja5z4hehsw9jvgr8gmuh1", "question_id": 6, "name": "IMI", "type": "pre", "item": "6", "answer": "2"}}, {"model": "website.questionnairesubmission", "pk": 553, "fields": {"submission": 75, "session": "yzfb6afbomcja5z4hehsw9jvgr8gmuh1", "question_id": 7, "name": "IMI", "type": "pre", "item": "7", "answer": "3"}}, {"model": "website.questionnairesubmission", "pk": 554, "fields": {"submission": 75, "session": "yzfb6afbomcja5z4hehsw9jvgr8gmuh1", "question_id": 8, "name": "IMI", "type": "pre", "item": "8", "answer": "2"}}, {"model": "website.questionnairesubmission", "pk": 555, "fields": {"submission": 75, "session": "yzfb6afbomcja5z4hehsw9jvgr8gmuh1", "question_id": 9, "name": "IMI", "type": "pre", "item": "9", "answer": "2"}}, {"model": "website.questionnairesubmission", "pk": 556, "fields": {"submission": 75, "session": "yzfb6afbomcja5z4hehsw9jvgr8gmuh1", "question_id": 10, "name": "IMI", "type": "pre", "item": "10", "answer": "2"}}, {"model": "website.questionnairesubmission", "pk": 557, "fields": {"submission": 75, "session": "yzfb6afbomcja5z4hehsw9jvgr8gmuh1", "question_id": 11, "name": "IMI", "type": "pre", "item": "11", "answer": "2"}}, {"model": "website.questionnairesubmission", "pk": 558, "fields": {"submission": 75, "session": "yzfb6afbomcja5z4hehsw9jvgr8gmuh1", "question_id": 12, "name": "IMI", "type": "pre", "item": "12", "answer": "2"}}, {"model": "website.questionnairesubmission", "pk": 559, "fields": {"submission": 75, "session": "yzfb6afbomcja5z4hehsw9jvgr8gmuh1", "question_id": 13, "name": "IMI", "type": "pre", "item": "13", "answer": "2"}}, {"model": "website.questionnairesubmission", "pk": 560, "fields": {"submission": 75, "session": "yzfb6afbomcja5z4hehsw9jvgr8gmuh1", "question_id": 14, "name": "IMI", "type": "pre", "item": "14", "answer": "2"}}, {"model": "website.questionnairesubmission", "pk": 561, "fields": {"submission": 75, "session": "yzfb6afbomcja5z4hehsw9jvgr8gmuh1", "question_id": 15, "name": "IMI", "type": "pre", "item": "15", "answer": "2"}}, {"model": "website.questionnairesubmission", "pk": 562, "fields": {"submission": 75, "session": "yzfb6afbomcja5z4hehsw9jvgr8gmuh1", "question_id": 16, "name": "IMI", "type": "pre", "item": "16", "answer": "2"}}, {"model": "website.questionnairesubmission", "pk": 563, "fields": {"submission": 75, "session": "yzfb6afbomcja5z4hehsw9jvgr8gmuh1", "question_id": 17, "name": "IMI", "type": "pre", "item": "17", "answer": "2"}}, {"model": "website.questionnairesubmission", "pk": 564, "fields": {"submission": 75, "session": "yzfb6afbomcja5z4hehsw9jvgr8gmuh1", "question_id": 18, "name": "IMI", "type": "pre", "item": "18", "answer": "2"}}, {"model": "website.questionnairesubmission", "pk": 565, "fields": {"submission": 75, "session": "yzfb6afbomcja5z4hehsw9jvgr8gmuh1", "question_id": 19, "name": "IMI", "type": "pre", "item": "19", "answer": "2"}}, {"model": "website.questionnairesubmission", "pk": 566, "fields": {"submission": 75, "session": "yzfb6afbomcja5z4hehsw9jvgr8gmuh1", "question_id": 20, "name": "IMI", "type": "pre", "item": "20", "answer": "3"}}, {"model": "website.questionnairesubmission", "pk": 567, "fields": {"submission": 75, "session": "yzfb6afbomcja5z4hehsw9jvgr8gmuh1", "question_id": 21, "name": "IMI", "type": "pre", "item": "21", "answer": "2"}}, {"model": "website.questionnairesubmission", "pk": 568, "fields": {"submission": 75, "session": "yzfb6afbomcja5z4hehsw9jvgr8gmuh1", "question_id": 22, "name": "IMI", "type": "pre", "item": "22", "answer": "2"}}, {"model": "website.questionnairesubmission", "pk": 1345, "fields": {"submission": 103, "session": "6nws7qf7j6y4dynjb03fyyqctrvwvs6a", "question_id": 1, "name": "pre", "type": "IMI", "item": "1", "answer": "3"}}, {"model": "website.questionnairesubmission", "pk": 1346, "fields": {"submission": 103, "session": "6nws7qf7j6y4dynjb03fyyqctrvwvs6a", "question_id": 2, "name": "pre", "type": "IMI", "item": "2", "answer": "2"}}, {"model": "website.questionnairesubmission", "pk": 1347, "fields": {"submission": 103, "session": "6nws7qf7j6y4dynjb03fyyqctrvwvs6a", "question_id": 3, "name": "pre", "type": "IMI", "item": "3", "answer": "3"}}, {"model": "website.questionnairesubmission", "pk": 1348, "fields": {"submission": 103, "session": "6nws7qf7j6y4dynjb03fyyqctrvwvs6a", "question_id": 4, "name": "pre", "type": "IMI", "item": "4", "answer": "2"}}, {"model": "website.questionnairesubmission", "pk": 1349, "fields": {"submission": 103, "session": "6nws7qf7j6y4dynjb03fyyqctrvwvs6a", "question_id": 5, "name": "pre", "type": "IMI", "item": "5", "answer": "2"}}, {"model": "website.questionnairesubmission", "pk": 1350, "fields": {"submission": 103, "session": "6nws7qf7j6y4dynjb03fyyqctrvwvs6a", "question_id": 6, "name": "pre", "type": "IMI", "item": "6", "answer": "3"}}, {"model": "website.questionnairesubmission", "pk": 1351, "fields": {"submission": 103, "session": "6nws7qf7j6y4dynjb03fyyqctrvwvs6a", "question_id": 7, "name": "pre", "type": "IMI", "item": "7", "answer": "2"}}, {"model": "website.questionnairesubmission", "pk": 1352, "fields": {"submission": 103, "session": "6nws7qf7j6y4dynjb03fyyqctrvwvs6a", "question_id": 8, "name": "pre", "type": "IMI", "item": "8", "answer": "3"}}, {"model": "website.questionnairesubmission", "pk": 1353, "fields": {"submission": 103, "session": "6nws7qf7j6y4dynjb03fyyqctrvwvs6a", "question_id": 9, "name": "pre", "type": "IMI", "item": "9", "answer": "2"}}, {"model": "website.questionnairesubmission", "pk": 1354, "fields": {"submission": 103, "session": "6nws7qf7j6y4dynjb03fyyqctrvwvs6a", "question_id": 10, "name": "pre", "type": "IMI", "item": "10", "answer": "3"}}, {"model": "website.questionnairesubmission", "pk": 1355, "fields": {"submission": 103, "session": "6nws7qf7j6y4dynjb03fyyqctrvwvs6a", "question_id": 11, "name": "pre", "type": "IMI", "item": "11", "answer": "3"}}, {"model": "website.questionnairesubmission", "pk": 1356, "fields": {"submission": 103, "session": "6nws7qf7j6y4dynjb03fyyqctrvwvs6a", "question_id": 12, "name": "pre", "type": "IMI", "item": "12", "answer": "2"}}, {"model": "website.questionnairesubmission", "pk": 1357, "fields": {"submission": 103, "session": "6nws7qf7j6y4dynjb03fyyqctrvwvs6a", "question_id": 13, "name": "pre", "type": "IMI", "item": "13", "answer": "4"}}, {"model": "website.questionnairesubmission", "pk": 1358, "fields": {"submission": 103, "session": "6nws7qf7j6y4dynjb03fyyqctrvwvs6a", "question_id": 14, "name": "pre", "type": "IMI", "item": "14", "answer": "2"}}, {"model": "website.questionnairesubmission", "pk": 1359, "fields": {"submission": 103, "session": "6nws7qf7j6y4dynjb03fyyqctrvwvs6a", "question_id": 15, "name": "pre", "type": "IMI", "item": "15", "answer": "2"}}, {"model": "website.questionnairesubmission", "pk": 1360, "fields": {"submission": 103, "session": "6nws7qf7j6y4dynjb03fyyqctrvwvs6a", "question_id": 16, "name": "pre", "type": "IMI", "item": "16", "answer": "3"}}, {"model": "website.questionnairesubmission", "pk": 1361, "fields": {"submission": 103, "session": "6nws7qf7j6y4dynjb03fyyqctrvwvs6a", "question_id": 17, "name": "pre", "type": "IMI", "item": "17", "answer": "2"}}, {"model": "website.questionnairesubmission", "pk": 1362, "fields": {"submission": 103, "session": "6nws7qf7j6y4dynjb03fyyqctrvwvs6a", "question_id": 18, "name": "pre", "type": "IMI", "item": "18", "answer": "2"}}, {"model": "website.questionnairesubmission", "pk": 1363, "fields": {"submission": 103, "session": "6nws7qf7j6y4dynjb03fyyqctrvwvs6a", "question_id": 19, "name": "pre", "type": "IMI", "item": "19", "answer": "3"}}, {"model": "website.questionnairesubmission", "pk": 1364, "fields": {"submission": 103, "session": "6nws7qf7j6y4dynjb03fyyqctrvwvs6a", "question_id": 20, "name": "pre", "type": "IMI", "item": "20", "answer": "2"}}, {"model": "website.questionnairesubmission", "pk": 1365, "fields": {"submission": 103, "session": "6nws7qf7j6y4dynjb03fyyqctrvwvs6a", "question_id": 21, "name": "pre", "type": "IMI", "item": "21", "answer": "2"}}, {"model": "website.questionnairesubmission", "pk": 1366, "fields": {"submission": 103, "session": "6nws7qf7j6y4dynjb03fyyqctrvwvs6a", "question_id": 22, "name": "pre", "type": "IMI", "item": "22", "answer": "2"}}, {"model": "website.questionnairesubmission", "pk": 1367, "fields": {"submission": 103, "session": "6nws7qf7j6y4dynjb03fyyqctrvwvs6a", "question_id": 29, "name": "pre", "type": "PANAS", "item": "1", "answer": "5"}}, {"model": "website.questionnairesubmission", "pk": 1368, "fields": {"submission": 103, "session": "6nws7qf7j6y4dynjb03fyyqctrvwvs6a", "question_id": 30, "name": "pre", "type": "PANAS", "item": "2", "answer": "5"}}, {"model": "website.questionnairesubmission", "pk": 1369, "fields": {"submission": 103, "session": "6nws7qf7j6y4dynjb03fyyqctrvwvs6a", "question_id": 31, "name": "pre", "type": "PANAS", "item": "3", "answer": "5"}}, {"model": "website.questionnairesubmission", "pk": 1370, "fields": {"submission": 103, "session": "6nws7qf7j6y4dynjb03fyyqctrvwvs6a", "question_id": 32, "name": "pre", "type": "PANAS", "item": "4", "answer": "5"}}, {"model": "website.questionnairesubmission", "pk": 1371, "fields": {"submission": 103, "session": "6nws7qf7j6y4dynjb03fyyqctrvwvs6a", "question_id": 33, "name": "pre", "type": "PANAS", "item": "5", "answer": "5"}}, {"model": "website.questionnairesubmission", "pk": 1372, "fields": {"submission": 103, "session": "6nws7qf7j6y4dynjb03fyyqctrvwvs6a", "question_id": 34, "name": "pre", "type": "PANAS", "item": "6", "answer": "1"}}, {"model": "website.questionnairesubmission", "pk": 1373, "fields": {"submission": 103, "session": "6nws7qf7j6y4dynjb03fyyqctrvwvs6a", "question_id": 35, "name": "pre", "type": "PANAS", "item": "7", "answer": "3"}}, {"model": "website.questionnairesubmission", "pk": 1374, "fields": {"submission": 103, "session": "6nws7qf7j6y4dynjb03fyyqctrvwvs6a", "question_id": 36, "name": "pre", "type": "PANAS", "item": "8", "answer": "2"}}, {"model": "website.questionnairesubmission", "pk": 1375, "fields": {"submission": 103, "session": "6nws7qf7j6y4dynjb03fyyqctrvwvs6a", "question_id": 37, "name": "pre", "type": "PANAS", "item": "9", "answer": "2"}}, {"model": "website.questionnairesubmission", "pk": 1376, "fields": {"submission": 103, "session": "6nws7qf7j6y4dynjb03fyyqctrvwvs6a", "question_id": 38, "name": "pre", "type": "PANAS", "item": "10", "answer": "3"}}, {"model": "website.questionnairesubmission", "pk": 1377, "fields": {"submission": 103, "session": "6nws7qf7j6y4dynjb03fyyqctrvwvs6a", "question_id": 39, "name": "pre", "type": "PANAS", "item": "11", "answer": "2"}}, {"model": "website.questionnairesubmission", "pk": 1378, "fields": {"submission": 103, "session": "6nws7qf7j6y4dynjb03fyyqctrvwvs6a", "question_id": 40, "name": "pre", "type": "PANAS", "item": "12", "answer": "2"}}, {"model": "website.questionnairesubmission", "pk": 1379, "fields": {"submission": 103, "session": "6nws7qf7j6y4dynjb03fyyqctrvwvs6a", "question_id": 41, "name": "pre", "type": "PANAS", "item": "13", "answer": "2"}}, {"model": "website.questionnairesubmission", "pk": 1380, "fields": {"submission": 103, "session": "6nws7qf7j6y4dynjb03fyyqctrvwvs6a", "question_id": 42, "name": "pre", "type": "PANAS", "item": "14", "answer": "3"}}, {"model": "website.questionnairesubmission", "pk": 1381, "fields": {"submission": 103, "session": "6nws7qf7j6y4dynjb03fyyqctrvwvs6a", "question_id": 43, "name": "pre", "type": "PANAS", "item": "15", "answer": "2"}}, {"model": "website.questionnairesubmission", "pk": 1382, "fields": {"submission": 103, "session": "6nws7qf7j6y4dynjb03fyyqctrvwvs6a", "question_id": 44, "name": "pre", "type": "PANAS", "item": "16", "answer": "2"}}, {"model": "website.questionnairesubmission", "pk": 1383, "fields": {"submission": 103, "session": "6nws7qf7j6y4dynjb03fyyqctrvwvs6a", "question_id": 45, "name": "pre", "type": "PANAS", "item": "17", "answer": "2"}}, {"model": "website.questionnairesubmission", "pk": 1384, "fields": {"submission": 103, "session": "6nws7qf7j6y4dynjb03fyyqctrvwvs6a", "question_id": 46, "name": "pre", "type": "PANAS", "item": "18", "answer": "3"}}, {"model": "website.questionnairesubmission", "pk": 1385, "fields": {"submission": 103, "session": "6nws7qf7j6y4dynjb03fyyqctrvwvs6a", "question_id": 47, "name": "pre", "type": "PANAS", "item": "19", "answer": "2"}}, {"model": "website.questionnairesubmission", "pk": 1386, "fields": {"submission": 103, "session": "6nws7qf7j6y4dynjb03fyyqctrvwvs6a", "question_id": 48, "name": "pre", "type": "PANAS", "item": "20", "answer": "2"}}, {"model": "website.questionnairesubmission", "pk": 1387, "fields": {"submission": 104, "session": "p0xazwhj1aclc1euwom0yjdv78tnuy66", "question_id": 1, "name": "pre", "type": "IMI", "item": "1", "answer": "2"}}, {"model": "website.questionnairesubmission", "pk": 1388, "fields": {"submission": 104, "session": "p0xazwhj1aclc1euwom0yjdv78tnuy66", "question_id": 2, "name": "pre", "type": "IMI", "item": "2", "answer": "2"}}, {"model": "website.questionnairesubmission", "pk": 1389, "fields": {"submission": 104, "session": "p0xazwhj1aclc1euwom0yjdv78tnuy66", "question_id": 3, "name": "pre", "type": "IMI", "item": "3", "answer": "2"}}, {"model": "website.questionnairesubmission", "pk": 1390, "fields": {"submission": 104, "session": "p0xazwhj1aclc1euwom0yjdv78tnuy66", "question_id": 4, "name": "pre", "type": "IMI", "item": "4", "answer": "2"}}, {"model": "website.questionnairesubmission", "pk": 1391, "fields": {"submission": 104, "session": "p0xazwhj1aclc1euwom0yjdv78tnuy66", "question_id": 5, "name": "pre", "type": "IMI", "item": "5", "answer": "2"}}, {"model": "website.questionnairesubmission", "pk": 1392, "fields": {"submission": 104, "session": "p0xazwhj1aclc1euwom0yjdv78tnuy66", "question_id": 6, "name": "pre", "type": "IMI", "item": "6", "answer": "3"}}, {"model": "website.questionnairesubmission", "pk": 1393, "fields": {"submission": 104, "session": "p0xazwhj1aclc1euwom0yjdv78tnuy66", "question_id": 7, "name": "pre", "type": "IMI", "item": "7", "answer": "2"}}, {"model": "website.questionnairesubmission", "pk": 1394, "fields": {"submission": 104, "session": "p0xazwhj1aclc1euwom0yjdv78tnuy66", "question_id": 8, "name": "pre", "type": "IMI", "item": "8", "answer": "2"}}, {"model": "website.questionnairesubmission", "pk": 1395, "fields": {"submission": 104, "session": "p0xazwhj1aclc1euwom0yjdv78tnuy66", "question_id": 9, "name": "pre", "type": "IMI", "item": "9", "answer": "2"}}, {"model": "website.questionnairesubmission", "pk": 1396, "fields": {"submission": 104, "session": "p0xazwhj1aclc1euwom0yjdv78tnuy66", "question_id": 10, "name": "pre", "type": "IMI", "item": "10", "answer": "2"}}, {"model": "website.questionnairesubmission", "pk": 1397, "fields": {"submission": 104, "session": "p0xazwhj1aclc1euwom0yjdv78tnuy66", "question_id": 11, "name": "pre", "type": "IMI", "item": "11", "answer": "3"}}, {"model": "website.questionnairesubmission", "pk": 1398, "fields": {"submission": 104, "session": "p0xazwhj1aclc1euwom0yjdv78tnuy66", "question_id": 12, "name": "pre", "type": "IMI", "item": "12", "answer": "2"}}, {"model": "website.questionnairesubmission", "pk": 1399, "fields": {"submission": 104, "session": "p0xazwhj1aclc1euwom0yjdv78tnuy66", "question_id": 13, "name": "pre", "type": "IMI", "item": "13", "answer": "2"}}, {"model": "website.questionnairesubmission", "pk": 1400, "fields": {"submission": 104, "session": "p0xazwhj1aclc1euwom0yjdv78tnuy66", "question_id": 14, "name": "pre", "type": "IMI", "item": "14", "answer": "2"}}, {"model": "website.questionnairesubmission", "pk": 1401, "fields": {"submission": 104, "session": "p0xazwhj1aclc1euwom0yjdv78tnuy66", "question_id": 15, "name": "pre", "type": "IMI", "item": "15", "answer": "3"}}, {"model": "website.questionnairesubmission", "pk": 1402, "fields": {"submission": 104, "session": "p0xazwhj1aclc1euwom0yjdv78tnuy66", "question_id": 16, "name": "pre", "type": "IMI", "item": "16", "answer": "2"}}, {"model": "website.questionnairesubmission", "pk": 1403, "fields": {"submission": 104, "session": "p0xazwhj1aclc1euwom0yjdv78tnuy66", "question_id": 17, "name": "pre", "type": "IMI", "item": "17", "answer": "2"}}, {"model": "website.questionnairesubmission", "pk": 1404, "fields": {"submission": 104, "session": "p0xazwhj1aclc1euwom0yjdv78tnuy66", "question_id": 18, "name": "pre", "type": "IMI", "item": "18", "answer": "2"}}, {"model": "website.questionnairesubmission", "pk": 1405, "fields": {"submission": 104, "session": "p0xazwhj1aclc1euwom0yjdv78tnuy66", "question_id": 19, "name": "pre", "type": "IMI", "item": "19", "answer": "2"}}, {"model": "website.questionnairesubmission", "pk": 1406, "fields": {"submission": 104, "session": "p0xazwhj1aclc1euwom0yjdv78tnuy66", "question_id": 20, "name": "pre", "type": "IMI", "item": "20", "answer": "2"}}, {"model": "website.questionnairesubmission", "pk": 1407, "fields": {"submission": 104, "session": "p0xazwhj1aclc1euwom0yjdv78tnuy66", "question_id": 21, "name": "pre", "type": "IMI", "item": "21", "answer": "3"}}, {"model": "website.questionnairesubmission", "pk": 1408, "fields": {"submission": 104, "session": "p0xazwhj1aclc1euwom0yjdv78tnuy66", "question_id": 22, "name": "pre", "type": "IMI", "item": "22", "answer": "2"}}, {"model": "website.questionnairesubmission", "pk": 1409, "fields": {"submission": 104, "session": "p0xazwhj1aclc1euwom0yjdv78tnuy66", "question_id": 29, "name": "pre", "type": "PANAS", "item": "1", "answer": "2"}}, {"model": "website.questionnairesubmission", "pk": 1410, "fields": {"submission": 104, "session": "p0xazwhj1aclc1euwom0yjdv78tnuy66", "question_id": 30, "name": "pre", "type": "PANAS", "item": "2", "answer": "3"}}, {"model": "website.questionnairesubmission", "pk": 1411, "fields": {"submission": 104, "session": "p0xazwhj1aclc1euwom0yjdv78tnuy66", "question_id": 31, "name": "pre", "type": "PANAS", "item": "3", "answer": "2"}}, {"model": "website.questionnairesubmission", "pk": 1412, "fields": {"submission": 104, "session": "p0xazwhj1aclc1euwom0yjdv78tnuy66", "question_id": 32, "name": "pre", "type": "PANAS", "item": "4", "answer": "2"}}, {"model": "website.questionnairesubmission", "pk": 1413, "fields": {"submission": 104, "session": "p0xazwhj1aclc1euwom0yjdv78tnuy66", "question_id": 33, "name": "pre", "type": "PANAS", "item": "5", "answer": "2"}}, {"model": "website.questionnairesubmission", "pk": 1414, "fields": {"submission": 104, "session": "p0xazwhj1aclc1euwom0yjdv78tnuy66", "question_id": 34, "name": "pre", "type": "PANAS", "item": "6", "answer": "2"}}, {"model": "website.questionnairesubmission", "pk": 1415, "fields": {"submission": 104, "session": "p0xazwhj1aclc1euwom0yjdv78tnuy66", "question_id": 35, "name": "pre", "type": "PANAS", "item": "7", "answer": "3"}}, {"model": "website.questionnairesubmission", "pk": 1416, "fields": {"submission": 104, "session": "p0xazwhj1aclc1euwom0yjdv78tnuy66", "question_id": 36, "name": "pre", "type": "PANAS", "item": "8", "answer": "2"}}, {"model": "website.questionnairesubmission", "pk": 1417, "fields": {"submission": 104, "session": "p0xazwhj1aclc1euwom0yjdv78tnuy66", "question_id": 37, "name": "pre", "type": "PANAS", "item": "9", "answer": "2"}}, {"model": "website.questionnairesubmission", "pk": 1418, "fields": {"submission": 104, "session": "p0xazwhj1aclc1euwom0yjdv78tnuy66", "question_id": 38, "name": "pre", "type": "PANAS", "item": "10", "answer": "2"}}, {"model": "website.questionnairesubmission", "pk": 1419, "fields": {"submission": 104, "session": "p0xazwhj1aclc1euwom0yjdv78tnuy66", "question_id": 39, "name": "pre", "type": "PANAS", "item": "11", "answer": "2"}}, {"model": "website.questionnairesubmission", "pk": 1420, "fields": {"submission": 104, "session": "p0xazwhj1aclc1euwom0yjdv78tnuy66", "question_id": 40, "name": "pre", "type": "PANAS", "item": "12", "answer": "2"}}, {"model": "website.questionnairesubmission", "pk": 1421, "fields": {"submission": 104, "session": "p0xazwhj1aclc1euwom0yjdv78tnuy66", "question_id": 41, "name": "pre", "type": "PANAS", "item": "13", "answer": "3"}}, {"model": "website.questionnairesubmission", "pk": 1422, "fields": {"submission": 104, "session": "p0xazwhj1aclc1euwom0yjdv78tnuy66", "question_id": 42, "name": "pre", "type": "PANAS", "item": "14", "answer": "2"}}, {"model": "website.questionnairesubmission", "pk": 1423, "fields": {"submission": 104, "session": "p0xazwhj1aclc1euwom0yjdv78tnuy66", "question_id": 43, "name": "pre", "type": "PANAS", "item": "15", "answer": "2"}}, {"model": "website.questionnairesubmission", "pk": 1424, "fields": {"submission": 104, "session": "p0xazwhj1aclc1euwom0yjdv78tnuy66", "question_id": 44, "name": "pre", "type": "PANAS", "item": "16", "answer": "2"}}, {"model": "website.questionnairesubmission", "pk": 1425, "fields": {"submission": 104, "session": "p0xazwhj1aclc1euwom0yjdv78tnuy66", "question_id": 45, "name": "pre", "type": "PANAS", "item": "17", "answer": "2"}}, {"model": "website.questionnairesubmission", "pk": 1426, "fields": {"submission": 104, "session": "p0xazwhj1aclc1euwom0yjdv78tnuy66", "question_id": 46, "name": "pre", "type": "PANAS", "item": "18", "answer": "2"}}, {"model": "website.questionnairesubmission", "pk": 1427, "fields": {"submission": 104, "session": "p0xazwhj1aclc1euwom0yjdv78tnuy66", "question_id": 47, "name": "pre", "type": "PANAS", "item": "19", "answer": "2"}}, {"model": "website.questionnairesubmission", "pk": 1428, "fields": {"submission": 104, "session": "p0xazwhj1aclc1euwom0yjdv78tnuy66", "question_id": 48, "name": "pre", "type": "PANAS", "item": "20", "answer": "2"}}, {"model": "website.questionnairesubmission", "pk": 1429, "fields": {"submission": 104, "session": "p0xazwhj1aclc1euwom0yjdv78tnuy66", "question_id": 1, "name": "main", "type": "IMI", "item": "1", "answer": "3"}}, {"model": "website.questionnairesubmission", "pk": 1430, "fields": {"submission": 104, "session": "p0xazwhj1aclc1euwom0yjdv78tnuy66", "question_id": 2, "name": "main", "type": "IMI", "item": "2", "answer": "2"}}, {"model": "website.questionnairesubmission", "pk": 1431, "fields": {"submission": 104, "session": "p0xazwhj1aclc1euwom0yjdv78tnuy66", "question_id": 3, "name": "main", "type": "IMI", "item": "3", "answer": "2"}}, {"model": "website.questionnairesubmission", "pk": 1432, "fields": {"submission": 104, "session": "p0xazwhj1aclc1euwom0yjdv78tnuy66", "question_id": 4, "name": "main", "type": "IMI", "item": "4", "answer": "2"}}, {"model": "website.questionnairesubmission", "pk": 1433, "fields": {"submission": 104, "session": "p0xazwhj1aclc1euwom0yjdv78tnuy66", "question_id": 5, "name": "main", "type": "IMI", "item": "5", "answer": "2"}}, {"model": "website.questionnairesubmission", "pk": 1434, "fields": {"submission": 104, "session": "p0xazwhj1aclc1euwom0yjdv78tnuy66", "question_id": 6, "name": "main", "type": "IMI", "item": "6", "answer": "2"}}, {"model": "website.questionnairesubmission", "pk": 1435, "fields": {"submission": 104, "session": "p0xazwhj1aclc1euwom0yjdv78tnuy66", "question_id": 7, "name": "main", "type": "IMI", "item": "7", "answer": "2"}}, {"model": "website.questionnairesubmission", "pk": 1436, "fields": {"submission": 104, "session": "p0xazwhj1aclc1euwom0yjdv78tnuy66", "question_id": 8, "name": "main", "type": "IMI", "item": "8", "answer": "3"}}, {"model": "website.questionnairesubmission", "pk": 1437, "fields": {"submission": 104, "session": "p0xazwhj1aclc1euwom0yjdv78tnuy66", "question_id": 9, "name": "main", "type": "IMI", "item": "9", "answer": "2"}}, {"model": "website.questionnairesubmission", "pk": 1438, "fields": {"submission": 104, "session": "p0xazwhj1aclc1euwom0yjdv78tnuy66", "question_id": 10, "name": "main", "type": "IMI", "item": "10", "answer": "2"}}, {"model": "website.questionnairesubmission", "pk": 1439, "fields": {"submission": 104, "session": "p0xazwhj1aclc1euwom0yjdv78tnuy66", "question_id": 11, "name": "main", "type": "IMI", "item": "11", "answer": "2"}}, {"model": "website.questionnairesubmission", "pk": 1440, "fields": {"submission": 104, "session": "p0xazwhj1aclc1euwom0yjdv78tnuy66", "question_id": 12, "name": "main", "type": "IMI", "item": "12", "answer": "2"}}, {"model": "website.questionnairesubmission", "pk": 1441, "fields": {"submission": 104, "session": "p0xazwhj1aclc1euwom0yjdv78tnuy66", "question_id": 13, "name": "main", "type": "IMI", "item": "13", "answer": "3"}}, {"model": "website.questionnairesubmission", "pk": 1442, "fields": {"submission": 104, "session": "p0xazwhj1aclc1euwom0yjdv78tnuy66", "question_id": 14, "name": "main", "type": "IMI", "item": "14", "answer": "2"}}, {"model": "website.questionnairesubmission", "pk": 1443, "fields": {"submission": 104, "session": "p0xazwhj1aclc1euwom0yjdv78tnuy66", "question_id": 15, "name": "main", "type": "IMI", "item": "15", "answer": "2"}}, {"model": "website.questionnairesubmission", "pk": 1444, "fields": {"submission": 104, "session": "p0xazwhj1aclc1euwom0yjdv78tnuy66", "question_id": 16, "name": "main", "type": "IMI", "item": "16", "answer": "2"}}, {"model": "website.questionnairesubmission", "pk": 1445, "fields": {"submission": 104, "session": "p0xazwhj1aclc1euwom0yjdv78tnuy66", "question_id": 17, "name": "main", "type": "IMI", "item": "17", "answer": "2"}}, {"model": "website.questionnairesubmission", "pk": 1446, "fields": {"submission": 104, "session": "p0xazwhj1aclc1euwom0yjdv78tnuy66", "question_id": 18, "name": "main", "type": "IMI", "item": "18", "answer": "2"}}, {"model": "website.questionnairesubmission", "pk": 1447, "fields": {"submission": 104, "session": "p0xazwhj1aclc1euwom0yjdv78tnuy66", "question_id": 19, "name": "main", "type": "IMI", "item": "19", "answer": "3"}}, {"model": "website.questionnairesubmission", "pk": 1448, "fields": {"submission": 104, "session": "p0xazwhj1aclc1euwom0yjdv78tnuy66", "question_id": 20, "name": "main", "type": "IMI", "item": "20", "answer": "2"}}, {"model": "website.questionnairesubmission", "pk": 1449, "fields": {"submission": 104, "session": "p0xazwhj1aclc1euwom0yjdv78tnuy66", "question_id": 21, "name": "main", "type": "IMI", "item": "21", "answer": "2"}}, {"model": "website.questionnairesubmission", "pk": 1450, "fields": {"submission": 104, "session": "p0xazwhj1aclc1euwom0yjdv78tnuy66", "question_id": 22, "name": "main", "type": "IMI", "item": "22", "answer": "2"}}, {"model": "website.questionnairesubmission", "pk": 1451, "fields": {"submission": 104, "session": "p0xazwhj1aclc1euwom0yjdv78tnuy66", "question_id": 29, "name": "main", "type": "PANAS", "item": "1", "answer": "2"}}, {"model": "website.questionnairesubmission", "pk": 1452, "fields": {"submission": 104, "session": "p0xazwhj1aclc1euwom0yjdv78tnuy66", "question_id": 30, "name": "main", "type": "PANAS", "item": "2", "answer": "2"}}, {"model": "website.questionnairesubmission", "pk": 1453, "fields": {"submission": 104, "session": "p0xazwhj1aclc1euwom0yjdv78tnuy66", "question_id": 31, "name": "main", "type": "PANAS", "item": "3", "answer": "2"}}, {"model": "website.questionnairesubmission", "pk": 1454, "fields": {"submission": 104, "session": "p0xazwhj1aclc1euwom0yjdv78tnuy66", "question_id": 32, "name": "main", "type": "PANAS", "item": "4", "answer": "2"}}, {"model": "website.questionnairesubmission", "pk": 1455, "fields": {"submission": 104, "session": "p0xazwhj1aclc1euwom0yjdv78tnuy66", "question_id": 33, "name": "main", "type": "PANAS", "item": "5", "answer": "2"}}, {"model": "website.questionnairesubmission", "pk": 1456, "fields": {"submission": 104, "session": "p0xazwhj1aclc1euwom0yjdv78tnuy66", "question_id": 34, "name": "main", "type": "PANAS", "item": "6", "answer": "2"}}, {"model": "website.questionnairesubmission", "pk": 1457, "fields": {"submission": 104, "session": "p0xazwhj1aclc1euwom0yjdv78tnuy66", "question_id": 35, "name": "main", "type": "PANAS", "item": "7", "answer": "3"}}, {"model": "website.questionnairesubmission", "pk": 1458, "fields": {"submission": 104, "session": "p0xazwhj1aclc1euwom0yjdv78tnuy66", "question_id": 36, "name": "main", "type": "PANAS", "item": "8", "answer": "2"}}, {"model": "website.questionnairesubmission", "pk": 1459, "fields": {"submission": 104, "session": "p0xazwhj1aclc1euwom0yjdv78tnuy66", "question_id": 37, "name": "main", "type": "PANAS", "item": "9", "answer": "2"}}, {"model": "website.questionnairesubmission", "pk": 1460, "fields": {"submission": 104, "session": "p0xazwhj1aclc1euwom0yjdv78tnuy66", "question_id": 38, "name": "main", "type": "PANAS", "item": "10", "answer": "2"}}, {"model": "website.questionnairesubmission", "pk": 1461, "fields": {"submission": 104, "session": "p0xazwhj1aclc1euwom0yjdv78tnuy66", "question_id": 39, "name": "main", "type": "PANAS", "item": "11", "answer": "2"}}, {"model": "website.questionnairesubmission", "pk": 1462, "fields": {"submission": 104, "session": "p0xazwhj1aclc1euwom0yjdv78tnuy66", "question_id": 40, "name": "main", "type": "PANAS", "item": "12", "answer": "2"}}, {"model": "website.questionnairesubmission", "pk": 1463, "fields": {"submission": 104, "session": "p0xazwhj1aclc1euwom0yjdv78tnuy66", "question_id": 41, "name": "main", "type": "PANAS", "item": "13", "answer": "3"}}, {"model": "website.questionnairesubmission", "pk": 1464, "fields": {"submission": 104, "session": "p0xazwhj1aclc1euwom0yjdv78tnuy66", "question_id": 42, "name": "main", "type": "PANAS", "item": "14", "answer": "2"}}, {"model": "website.questionnairesubmission", "pk": 1465, "fields": {"submission": 104, "session": "p0xazwhj1aclc1euwom0yjdv78tnuy66", "question_id": 43, "name": "main", "type": "PANAS", "item": "15", "answer": "2"}}, {"model": "website.questionnairesubmission", "pk": 1466, "fields": {"submission": 104, "session": "p0xazwhj1aclc1euwom0yjdv78tnuy66", "question_id": 44, "name": "main", "type": "PANAS", "item": "16", "answer": "2"}}, {"model": "website.questionnairesubmission", "pk": 1467, "fields": {"submission": 104, "session": "p0xazwhj1aclc1euwom0yjdv78tnuy66", "question_id": 45, "name": "main", "type": "PANAS", "item": "17", "answer": "2"}}, {"model": "website.questionnairesubmission", "pk": 1468, "fields": {"submission": 104, "session": "p0xazwhj1aclc1euwom0yjdv78tnuy66", "question_id": 46, "name": "main", "type": "PANAS", "item": "18", "answer": "2"}}, {"model": "website.questionnairesubmission", "pk": 1469, "fields": {"submission": 104, "session": "p0xazwhj1aclc1euwom0yjdv78tnuy66", "question_id": 47, "name": "main", "type": "PANAS", "item": "19", "answer": "3"}}, {"model": "website.questionnairesubmission", "pk": 1470, "fields": {"submission": 104, "session": "p0xazwhj1aclc1euwom0yjdv78tnuy66", "question_id": 48, "name": "main", "type": "PANAS", "item": "20", "answer": "2"}}, {"model": "website.questionnairesubmission", "pk": 1555, "fields": {"submission": 107, "session": "zsgnh0kekmr1xjw0j2fsi60yccz1g9z3", "question_id": 1, "name": "pre", "type": "IMI", "item": "1", "answer": "4"}}, {"model": "website.questionnairesubmission", "pk": 1556, "fields": {"submission": 107, "session": "zsgnh0kekmr1xjw0j2fsi60yccz1g9z3", "question_id": 2, "name": "pre", "type": "IMI", "item": "2", "answer": "2"}}, {"model": "website.questionnairesubmission", "pk": 1557, "fields": {"submission": 107, "session": "zsgnh0kekmr1xjw0j2fsi60yccz1g9z3", "question_id": 3, "name": "pre", "type": "IMI", "item": "3", "answer": "2"}}, {"model": "website.questionnairesubmission", "pk": 1558, "fields": {"submission": 107, "session": "zsgnh0kekmr1xjw0j2fsi60yccz1g9z3", "question_id": 4, "name": "pre", "type": "IMI", "item": "4", "answer": "2"}}, {"model": "website.questionnairesubmission", "pk": 1559, "fields": {"submission": 107, "session": "zsgnh0kekmr1xjw0j2fsi60yccz1g9z3", "question_id": 5, "name": "pre", "type": "IMI", "item": "5", "answer": "2"}}, {"model": "website.questionnairesubmission", "pk": 1560, "fields": {"submission": 107, "session": "zsgnh0kekmr1xjw0j2fsi60yccz1g9z3", "question_id": 6, "name": "pre", "type": "IMI", "item": "6", "answer": "2"}}, {"model": "website.questionnairesubmission", "pk": 1561, "fields": {"submission": 107, "session": "zsgnh0kekmr1xjw0j2fsi60yccz1g9z3", "question_id": 7, "name": "pre", "type": "IMI", "item": "7", "answer": "2"}}, {"model": "website.questionnairesubmission", "pk": 1562, "fields": {"submission": 107, "session": "zsgnh0kekmr1xjw0j2fsi60yccz1g9z3", "question_id": 8, "name": "pre", "type": "IMI", "item": "8", "answer": "3"}}, {"model": "website.questionnairesubmission", "pk": 1563, "fields": {"submission": 107, "session": "zsgnh0kekmr1xjw0j2fsi60yccz1g9z3", "question_id": 9, "name": "pre", "type": "IMI", "item": "9", "answer": "2"}}, {"model": "website.questionnairesubmission", "pk": 1564, "fields": {"submission": 107, "session": "zsgnh0kekmr1xjw0j2fsi60yccz1g9z3", "question_id": 10, "name": "pre", "type": "IMI", "item": "10", "answer": "2"}}, {"model": "website.questionnairesubmission", "pk": 1565, "fields": {"submission": 107, "session": "zsgnh0kekmr1xjw0j2fsi60yccz1g9z3", "question_id": 11, "name": "pre", "type": "IMI", "item": "11", "answer": "2"}}, {"model": "website.questionnairesubmission", "pk": 1566, "fields": {"submission": 107, "session": "zsgnh0kekmr1xjw0j2fsi60yccz1g9z3", "question_id": 12, "name": "pre", "type": "IMI", "item": "12", "answer": "2"}}, {"model": "website.questionnairesubmission", "pk": 1567, "fields": {"submission": 107, "session": "zsgnh0kekmr1xjw0j2fsi60yccz1g9z3", "question_id": 13, "name": "pre", "type": "IMI", "item": "13", "answer": "2"}}, {"model": "website.questionnairesubmission", "pk": 1568, "fields": {"submission": 107, "session": "zsgnh0kekmr1xjw0j2fsi60yccz1g9z3", "question_id": 14, "name": "pre", "type": "IMI", "item": "14", "answer": "2"}}, {"model": "website.questionnairesubmission", "pk": 1569, "fields": {"submission": 107, "session": "zsgnh0kekmr1xjw0j2fsi60yccz1g9z3", "question_id": 15, "name": "pre", "type": "IMI", "item": "15", "answer": "2"}}, {"model": "website.questionnairesubmission", "pk": 1570, "fields": {"submission": 107, "session": "zsgnh0kekmr1xjw0j2fsi60yccz1g9z3", "question_id": 16, "name": "pre", "type": "IMI", "item": "16", "answer": "2"}}, {"model": "website.questionnairesubmission", "pk": 1571, "fields": {"submission": 107, "session": "zsgnh0kekmr1xjw0j2fsi60yccz1g9z3", "question_id": 17, "name": "pre", "type": "IMI", "item": "17", "answer": "2"}}, {"model": "website.questionnairesubmission", "pk": 1572, "fields": {"submission": 107, "session": "zsgnh0kekmr1xjw0j2fsi60yccz1g9z3", "question_id": 18, "name": "pre", "type": "IMI", "item": "18", "answer": "2"}}, {"model": "website.questionnairesubmission", "pk": 1573, "fields": {"submission": 107, "session": "zsgnh0kekmr1xjw0j2fsi60yccz1g9z3", "question_id": 19, "name": "pre", "type": "IMI", "item": "19", "answer": "2"}}, {"model": "website.questionnairesubmission", "pk": 1574, "fields": {"submission": 107, "session": "zsgnh0kekmr1xjw0j2fsi60yccz1g9z3", "question_id": 20, "name": "pre", "type": "IMI", "item": "20", "answer": "2"}}, {"model": "website.questionnairesubmission", "pk": 1575, "fields": {"submission": 107, "session": "zsgnh0kekmr1xjw0j2fsi60yccz1g9z3", "question_id": 21, "name": "pre", "type": "IMI", "item": "21", "answer": "2"}}, {"model": "website.questionnairesubmission", "pk": 1576, "fields": {"submission": 107, "session": "zsgnh0kekmr1xjw0j2fsi60yccz1g9z3", "question_id": 22, "name": "pre", "type": "IMI", "item": "22", "answer": "2"}}, {"model": "website.questionnairesubmission", "pk": 1577, "fields": {"submission": 107, "session": "zsgnh0kekmr1xjw0j2fsi60yccz1g9z3", "question_id": 29, "name": "pre", "type": "PANAS", "item": "1", "answer": "2"}}, {"model": "website.questionnairesubmission", "pk": 1578, "fields": {"submission": 107, "session": "zsgnh0kekmr1xjw0j2fsi60yccz1g9z3", "question_id": 30, "name": "pre", "type": "PANAS", "item": "2", "answer": "2"}}, {"model": "website.questionnairesubmission", "pk": 1579, "fields": {"submission": 107, "session": "zsgnh0kekmr1xjw0j2fsi60yccz1g9z3", "question_id": 31, "name": "pre", "type": "PANAS", "item": "3", "answer": "2"}}, {"model": "website.questionnairesubmission", "pk": 1580, "fields": {"submission": 107, "session": "zsgnh0kekmr1xjw0j2fsi60yccz1g9z3", "question_id": 32, "name": "pre", "type": "PANAS", "item": "4", "answer": "2"}}, {"model": "website.questionnairesubmission", "pk": 1581, "fields": {"submission": 107, "session": "zsgnh0kekmr1xjw0j2fsi60yccz1g9z3", "question_id": 33, "name": "pre", "type": "PANAS", "item": "5", "answer": "2"}}, {"model": "website.questionnairesubmission", "pk": 1582, "fields": {"submission": 107, "session": "zsgnh0kekmr1xjw0j2fsi60yccz1g9z3", "question_id": 34, "name": "pre", "type": "PANAS", "item": "6", "answer": "2"}}, {"model": "website.questionnairesubmission", "pk": 1583, "fields": {"submission": 107, "session": "zsgnh0kekmr1xjw0j2fsi60yccz1g9z3", "question_id": 35, "name": "pre", "type": "PANAS", "item": "7", "answer": "3"}}, {"model": "website.questionnairesubmission", "pk": 1584, "fields": {"submission": 107, "session": "zsgnh0kekmr1xjw0j2fsi60yccz1g9z3", "question_id": 36, "name": "pre", "type": "PANAS", "item": "8", "answer": "2"}}, {"model": "website.questionnairesubmission", "pk": 1585, "fields": {"submission": 107, "session": "zsgnh0kekmr1xjw0j2fsi60yccz1g9z3", "question_id": 37, "name": "pre", "type": "PANAS", "item": "9", "answer": "2"}}, {"model": "website.questionnairesubmission", "pk": 1586, "fields": {"submission": 107, "session": "zsgnh0kekmr1xjw0j2fsi60yccz1g9z3", "question_id": 38, "name": "pre", "type": "PANAS", "item": "10", "answer": "2"}}, {"model": "website.questionnairesubmission", "pk": 1587, "fields": {"submission": 107, "session": "zsgnh0kekmr1xjw0j2fsi60yccz1g9z3", "question_id": 39, "name": "pre", "type": "PANAS", "item": "11", "answer": "2"}}, {"model": "website.questionnairesubmission", "pk": 1588, "fields": {"submission": 107, "session": "zsgnh0kekmr1xjw0j2fsi60yccz1g9z3", "question_id": 40, "name": "pre", "type": "PANAS", "item": "12", "answer": "2"}}, {"model": "website.questionnairesubmission", "pk": 1589, "fields": {"submission": 107, "session": "zsgnh0kekmr1xjw0j2fsi60yccz1g9z3", "question_id": 41, "name": "pre", "type": "PANAS", "item": "13", "answer": "2"}}, {"model": "website.questionnairesubmission", "pk": 1590, "fields": {"submission": 107, "session": "zsgnh0kekmr1xjw0j2fsi60yccz1g9z3", "question_id": 42, "name": "pre", "type": "PANAS", "item": "14", "answer": "2"}}, {"model": "website.questionnairesubmission", "pk": 1591, "fields": {"submission": 107, "session": "zsgnh0kekmr1xjw0j2fsi60yccz1g9z3", "question_id": 43, "name": "pre", "type": "PANAS", "item": "15", "answer": "2"}}, {"model": "website.questionnairesubmission", "pk": 1592, "fields": {"submission": 107, "session": "zsgnh0kekmr1xjw0j2fsi60yccz1g9z3", "question_id": 44, "name": "pre", "type": "PANAS", "item": "16", "answer": "2"}}, {"model": "website.questionnairesubmission", "pk": 1593, "fields": {"submission": 107, "session": "zsgnh0kekmr1xjw0j2fsi60yccz1g9z3", "question_id": 45, "name": "pre", "type": "PANAS", "item": "17", "answer": "2"}}, {"model": "website.questionnairesubmission", "pk": 1594, "fields": {"submission": 107, "session": "zsgnh0kekmr1xjw0j2fsi60yccz1g9z3", "question_id": 46, "name": "pre", "type": "PANAS", "item": "18", "answer": "2"}}, {"model": "website.questionnairesubmission", "pk": 1595, "fields": {"submission": 107, "session": "zsgnh0kekmr1xjw0j2fsi60yccz1g9z3", "question_id": 47, "name": "pre", "type": "PANAS", "item": "19", "answer": "2"}}, {"model": "website.questionnairesubmission", "pk": 1596, "fields": {"submission": 107, "session": "zsgnh0kekmr1xjw0j2fsi60yccz1g9z3", "question_id": 48, "name": "pre", "type": "PANAS", "item": "20", "answer": "2"}}, {"model": "website.questionnairesubmission", "pk": 1597, "fields": {"submission": 107, "session": "zsgnh0kekmr1xjw0j2fsi60yccz1g9z3", "question_id": 1, "name": "main", "type": "IMI", "item": "1", "answer": "2"}}, {"model": "website.questionnairesubmission", "pk": 1598, "fields": {"submission": 107, "session": "zsgnh0kekmr1xjw0j2fsi60yccz1g9z3", "question_id": 2, "name": "main", "type": "IMI", "item": "2", "answer": "2"}}, {"model": "website.questionnairesubmission", "pk": 1599, "fields": {"submission": 107, "session": "zsgnh0kekmr1xjw0j2fsi60yccz1g9z3", "question_id": 3, "name": "main", "type": "IMI", "item": "3", "answer": "2"}}, {"model": "website.questionnairesubmission", "pk": 1600, "fields": {"submission": 107, "session": "zsgnh0kekmr1xjw0j2fsi60yccz1g9z3", "question_id": 4, "name": "main", "type": "IMI", "item": "4", "answer": "2"}}, {"model": "website.questionnairesubmission", "pk": 1601, "fields": {"submission": 107, "session": "zsgnh0kekmr1xjw0j2fsi60yccz1g9z3", "question_id": 5, "name": "main", "type": "IMI", "item": "5", "answer": "3"}}, {"model": "website.questionnairesubmission", "pk": 1602, "fields": {"submission": 107, "session": "zsgnh0kekmr1xjw0j2fsi60yccz1g9z3", "question_id": 6, "name": "main", "type": "IMI", "item": "6", "answer": "2"}}, {"model": "website.questionnairesubmission", "pk": 1603, "fields": {"submission": 107, "session": "zsgnh0kekmr1xjw0j2fsi60yccz1g9z3", "question_id": 7, "name": "main", "type": "IMI", "item": "7", "answer": "2"}}, {"model": "website.questionnairesubmission", "pk": 1604, "fields": {"submission": 107, "session": "zsgnh0kekmr1xjw0j2fsi60yccz1g9z3", "question_id": 8, "name": "main", "type": "IMI", "item": "8", "answer": "2"}}, {"model": "website.questionnairesubmission", "pk": 1605, "fields": {"submission": 107, "session": "zsgnh0kekmr1xjw0j2fsi60yccz1g9z3", "question_id": 9, "name": "main", "type": "IMI", "item": "9", "answer": "2"}}, {"model": "website.questionnairesubmission", "pk": 1606, "fields": {"submission": 107, "session": "zsgnh0kekmr1xjw0j2fsi60yccz1g9z3", "question_id": 10, "name": "main", "type": "IMI", "item": "10", "answer": "2"}}, {"model": "website.questionnairesubmission", "pk": 1607, "fields": {"submission": 107, "session": "zsgnh0kekmr1xjw0j2fsi60yccz1g9z3", "question_id": 11, "name": "main", "type": "IMI", "item": "11", "answer": "2"}}, {"model": "website.questionnairesubmission", "pk": 1608, "fields": {"submission": 107, "session": "zsgnh0kekmr1xjw0j2fsi60yccz1g9z3", "question_id": 12, "name": "main", "type": "IMI", "item": "12", "answer": "2"}}, {"model": "website.questionnairesubmission", "pk": 1609, "fields": {"submission": 107, "session": "zsgnh0kekmr1xjw0j2fsi60yccz1g9z3", "question_id": 13, "name": "main", "type": "IMI", "item": "13", "answer": "2"}}, {"model": "website.questionnairesubmission", "pk": 1610, "fields": {"submission": 107, "session": "zsgnh0kekmr1xjw0j2fsi60yccz1g9z3", "question_id": 14, "name": "main", "type": "IMI", "item": "14", "answer": "2"}}, {"model": "website.questionnairesubmission", "pk": 1611, "fields": {"submission": 107, "session": "zsgnh0kekmr1xjw0j2fsi60yccz1g9z3", "question_id": 15, "name": "main", "type": "IMI", "item": "15", "answer": "2"}}, {"model": "website.questionnairesubmission", "pk": 1612, "fields": {"submission": 107, "session": "zsgnh0kekmr1xjw0j2fsi60yccz1g9z3", "question_id": 16, "name": "main", "type": "IMI", "item": "16", "answer": "2"}}, {"model": "website.questionnairesubmission", "pk": 1613, "fields": {"submission": 107, "session": "zsgnh0kekmr1xjw0j2fsi60yccz1g9z3", "question_id": 17, "name": "main", "type": "IMI", "item": "17", "answer": "2"}}, {"model": "website.questionnairesubmission", "pk": 1614, "fields": {"submission": 107, "session": "zsgnh0kekmr1xjw0j2fsi60yccz1g9z3", "question_id": 18, "name": "main", "type": "IMI", "item": "18", "answer": "2"}}, {"model": "website.questionnairesubmission", "pk": 1615, "fields": {"submission": 107, "session": "zsgnh0kekmr1xjw0j2fsi60yccz1g9z3", "question_id": 19, "name": "main", "type": "IMI", "item": "19", "answer": "2"}}, {"model": "website.questionnairesubmission", "pk": 1616, "fields": {"submission": 107, "session": "zsgnh0kekmr1xjw0j2fsi60yccz1g9z3", "question_id": 20, "name": "main", "type": "IMI", "item": "20", "answer": "2"}}, {"model": "website.questionnairesubmission", "pk": 1617, "fields": {"submission": 107, "session": "zsgnh0kekmr1xjw0j2fsi60yccz1g9z3", "question_id": 21, "name": "main", "type": "IMI", "item": "21", "answer": "3"}}, {"model": "website.questionnairesubmission", "pk": 1618, "fields": {"submission": 107, "session": "zsgnh0kekmr1xjw0j2fsi60yccz1g9z3", "question_id": 22, "name": "main", "type": "IMI", "item": "22", "answer": "2"}}, {"model": "website.questionnairesubmission", "pk": 1619, "fields": {"submission": 107, "session": "zsgnh0kekmr1xjw0j2fsi60yccz1g9z3", "question_id": 29, "name": "main", "type": "PANAS", "item": "1", "answer": "2"}}, {"model": "website.questionnairesubmission", "pk": 1620, "fields": {"submission": 107, "session": "zsgnh0kekmr1xjw0j2fsi60yccz1g9z3", "question_id": 30, "name": "main", "type": "PANAS", "item": "2", "answer": "2"}}, {"model": "website.questionnairesubmission", "pk": 1621, "fields": {"submission": 107, "session": "zsgnh0kekmr1xjw0j2fsi60yccz1g9z3", "question_id": 31, "name": "main", "type": "PANAS", "item": "3", "answer": "2"}}, {"model": "website.questionnairesubmission", "pk": 1622, "fields": {"submission": 107, "session": "zsgnh0kekmr1xjw0j2fsi60yccz1g9z3", "question_id": 32, "name": "main", "type": "PANAS", "item": "4", "answer": "3"}}, {"model": "website.questionnairesubmission", "pk": 1623, "fields": {"submission": 107, "session": "zsgnh0kekmr1xjw0j2fsi60yccz1g9z3", "question_id": 33, "name": "main", "type": "PANAS", "item": "5", "answer": "2"}}, {"model": "website.questionnairesubmission", "pk": 1624, "fields": {"submission": 107, "session": "zsgnh0kekmr1xjw0j2fsi60yccz1g9z3", "question_id": 34, "name": "main", "type": "PANAS", "item": "6", "answer": "2"}}, {"model": "website.questionnairesubmission", "pk": 1625, "fields": {"submission": 107, "session": "zsgnh0kekmr1xjw0j2fsi60yccz1g9z3", "question_id": 35, "name": "main", "type": "PANAS", "item": "7", "answer": "2"}}, {"model": "website.questionnairesubmission", "pk": 1626, "fields": {"submission": 107, "session": "zsgnh0kekmr1xjw0j2fsi60yccz1g9z3", "question_id": 36, "name": "main", "type": "PANAS", "item": "8", "answer": "2"}}, {"model": "website.questionnairesubmission", "pk": 1627, "fields": {"submission": 107, "session": "zsgnh0kekmr1xjw0j2fsi60yccz1g9z3", "question_id": 37, "name": "main", "type": "PANAS", "item": "9", "answer": "3"}}, {"model": "website.questionnairesubmission", "pk": 1628, "fields": {"submission": 107, "session": "zsgnh0kekmr1xjw0j2fsi60yccz1g9z3", "question_id": 38, "name": "main", "type": "PANAS", "item": "10", "answer": "2"}}, {"model": "website.questionnairesubmission", "pk": 1629, "fields": {"submission": 107, "session": "zsgnh0kekmr1xjw0j2fsi60yccz1g9z3", "question_id": 39, "name": "main", "type": "PANAS", "item": "11", "answer": "2"}}, {"model": "website.questionnairesubmission", "pk": 1630, "fields": {"submission": 107, "session": "zsgnh0kekmr1xjw0j2fsi60yccz1g9z3", "question_id": 40, "name": "main", "type": "PANAS", "item": "12", "answer": "2"}}, {"model": "website.questionnairesubmission", "pk": 1631, "fields": {"submission": 107, "session": "zsgnh0kekmr1xjw0j2fsi60yccz1g9z3", "question_id": 41, "name": "main", "type": "PANAS", "item": "13", "answer": "3"}}, {"model": "website.questionnairesubmission", "pk": 1632, "fields": {"submission": 107, "session": "zsgnh0kekmr1xjw0j2fsi60yccz1g9z3", "question_id": 42, "name": "main", "type": "PANAS", "item": "14", "answer": "2"}}, {"model": "website.questionnairesubmission", "pk": 1633, "fields": {"submission": 107, "session": "zsgnh0kekmr1xjw0j2fsi60yccz1g9z3", "question_id": 43, "name": "main", "type": "PANAS", "item": "15", "answer": "2"}}, {"model": "website.questionnairesubmission", "pk": 1634, "fields": {"submission": 107, "session": "zsgnh0kekmr1xjw0j2fsi60yccz1g9z3", "question_id": 44, "name": "main", "type": "PANAS", "item": "16", "answer": "2"}}, {"model": "website.questionnairesubmission", "pk": 1635, "fields": {"submission": 107, "session": "zsgnh0kekmr1xjw0j2fsi60yccz1g9z3", "question_id": 45, "name": "main", "type": "PANAS", "item": "17", "answer": "3"}}, {"model": "website.questionnairesubmission", "pk": 1636, "fields": {"submission": 107, "session": "zsgnh0kekmr1xjw0j2fsi60yccz1g9z3", "question_id": 46, "name": "main", "type": "PANAS", "item": "18", "answer": "3"}}, {"model": "website.questionnairesubmission", "pk": 1637, "fields": {"submission": 107, "session": "zsgnh0kekmr1xjw0j2fsi60yccz1g9z3", "question_id": 47, "name": "main", "type": "PANAS", "item": "19", "answer": "2"}}, {"model": "website.questionnairesubmission", "pk": 1638, "fields": {"submission": 107, "session": "zsgnh0kekmr1xjw0j2fsi60yccz1g9z3", "question_id": 48, "name": "main", "type": "PANAS", "item": "20", "answer": "2"}}, {"model": "website.questionnairesubmission", "pk": 2101, "fields": {"submission": 129, "session": "rf4a750k0lr6r2l77n9f5jf60gqi9zre", "question_id": 1, "name": "pre", "type": "IMI", "item": "1", "answer": "3"}}, {"model": "website.questionnairesubmission", "pk": 2102, "fields": {"submission": 129, "session": "rf4a750k0lr6r2l77n9f5jf60gqi9zre", "question_id": 2, "name": "pre", "type": "IMI", "item": "2", "answer": "2"}}, {"model": "website.questionnairesubmission", "pk": 2103, "fields": {"submission": 129, "session": "rf4a750k0lr6r2l77n9f5jf60gqi9zre", "question_id": 3, "name": "pre", "type": "IMI", "item": "3", "answer": "2"}}, {"model": "website.questionnairesubmission", "pk": 2104, "fields": {"submission": 129, "session": "rf4a750k0lr6r2l77n9f5jf60gqi9zre", "question_id": 4, "name": "pre", "type": "IMI", "item": "4", "answer": "2"}}, {"model": "website.questionnairesubmission", "pk": 2105, "fields": {"submission": 129, "session": "rf4a750k0lr6r2l77n9f5jf60gqi9zre", "question_id": 5, "name": "pre", "type": "IMI", "item": "5", "answer": "2"}}, {"model": "website.questionnairesubmission", "pk": 2106, "fields": {"submission": 129, "session": "rf4a750k0lr6r2l77n9f5jf60gqi9zre", "question_id": 6, "name": "pre", "type": "IMI", "item": "6", "answer": "2"}}, {"model": "website.questionnairesubmission", "pk": 2107, "fields": {"submission": 129, "session": "rf4a750k0lr6r2l77n9f5jf60gqi9zre", "question_id": 7, "name": "pre", "type": "IMI", "item": "7", "answer": "2"}}, {"model": "website.questionnairesubmission", "pk": 2108, "fields": {"submission": 129, "session": "rf4a750k0lr6r2l77n9f5jf60gqi9zre", "question_id": 8, "name": "pre", "type": "IMI", "item": "8", "answer": "2"}}, {"model": "website.questionnairesubmission", "pk": 2109, "fields": {"submission": 129, "session": "rf4a750k0lr6r2l77n9f5jf60gqi9zre", "question_id": 9, "name": "pre", "type": "IMI", "item": "9", "answer": "3"}}, {"model": "website.questionnairesubmission", "pk": 2110, "fields": {"submission": 129, "session": "rf4a750k0lr6r2l77n9f5jf60gqi9zre", "question_id": 10, "name": "pre", "type": "IMI", "item": "10", "answer": "2"}}, {"model": "website.questionnairesubmission", "pk": 2111, "fields": {"submission": 129, "session": "rf4a750k0lr6r2l77n9f5jf60gqi9zre", "question_id": 11, "name": "pre", "type": "IMI", "item": "11", "answer": "2"}}, {"model": "website.questionnairesubmission", "pk": 2112, "fields": {"submission": 129, "session": "rf4a750k0lr6r2l77n9f5jf60gqi9zre", "question_id": 12, "name": "pre", "type": "IMI", "item": "12", "answer": "2"}}, {"model": "website.questionnairesubmission", "pk": 2113, "fields": {"submission": 129, "session": "rf4a750k0lr6r2l77n9f5jf60gqi9zre", "question_id": 13, "name": "pre", "type": "IMI", "item": "13", "answer": "2"}}, {"model": "website.questionnairesubmission", "pk": 2114, "fields": {"submission": 129, "session": "rf4a750k0lr6r2l77n9f5jf60gqi9zre", "question_id": 14, "name": "pre", "type": "IMI", "item": "14", "answer": "2"}}, {"model": "website.questionnairesubmission", "pk": 2115, "fields": {"submission": 129, "session": "rf4a750k0lr6r2l77n9f5jf60gqi9zre", "question_id": 15, "name": "pre", "type": "IMI", "item": "15", "answer": "3"}}, {"model": "website.questionnairesubmission", "pk": 2116, "fields": {"submission": 129, "session": "rf4a750k0lr6r2l77n9f5jf60gqi9zre", "question_id": 16, "name": "pre", "type": "IMI", "item": "16", "answer": "2"}}, {"model": "website.questionnairesubmission", "pk": 2117, "fields": {"submission": 129, "session": "rf4a750k0lr6r2l77n9f5jf60gqi9zre", "question_id": 17, "name": "pre", "type": "IMI", "item": "17", "answer": "2"}}, {"model": "website.questionnairesubmission", "pk": 2118, "fields": {"submission": 129, "session": "rf4a750k0lr6r2l77n9f5jf60gqi9zre", "question_id": 18, "name": "pre", "type": "IMI", "item": "18", "answer": "2"}}, {"model": "website.questionnairesubmission", "pk": 2119, "fields": {"submission": 129, "session": "rf4a750k0lr6r2l77n9f5jf60gqi9zre", "question_id": 19, "name": "pre", "type": "IMI", "item": "19", "answer": "2"}}, {"model": "website.questionnairesubmission", "pk": 2120, "fields": {"submission": 129, "session": "rf4a750k0lr6r2l77n9f5jf60gqi9zre", "question_id": 20, "name": "pre", "type": "IMI", "item": "20", "answer": "2"}}, {"model": "website.questionnairesubmission", "pk": 2121, "fields": {"submission": 129, "session": "rf4a750k0lr6r2l77n9f5jf60gqi9zre", "question_id": 21, "name": "pre", "type": "IMI", "item": "21", "answer": "2"}}, {"model": "website.questionnairesubmission", "pk": 2122, "fields": {"submission": 129, "session": "rf4a750k0lr6r2l77n9f5jf60gqi9zre", "question_id": 22, "name": "pre", "type": "IMI", "item": "22", "answer": "2"}}, {"model": "website.questionnairesubmission", "pk": 2123, "fields": {"submission": 129, "session": "rf4a750k0lr6r2l77n9f5jf60gqi9zre", "question_id": 29, "name": "pre", "type": "PANAS", "item": "1", "answer": "3"}}, {"model": "website.questionnairesubmission", "pk": 2124, "fields": {"submission": 129, "session": "rf4a750k0lr6r2l77n9f5jf60gqi9zre", "question_id": 30, "name": "pre", "type": "PANAS", "item": "2", "answer": "2"}}, {"model": "website.questionnairesubmission", "pk": 2125, "fields": {"submission": 129, "session": "rf4a750k0lr6r2l77n9f5jf60gqi9zre", "question_id": 31, "name": "pre", "type": "PANAS", "item": "3", "answer": "2"}}, {"model": "website.questionnairesubmission", "pk": 2126, "fields": {"submission": 129, "session": "rf4a750k0lr6r2l77n9f5jf60gqi9zre", "question_id": 32, "name": "pre", "type": "PANAS", "item": "4", "answer": "2"}}, {"model": "website.questionnairesubmission", "pk": 2127, "fields": {"submission": 129, "session": "rf4a750k0lr6r2l77n9f5jf60gqi9zre", "question_id": 33, "name": "pre", "type": "PANAS", "item": "5", "answer": "3"}}, {"model": "website.questionnairesubmission", "pk": 2128, "fields": {"submission": 129, "session": "rf4a750k0lr6r2l77n9f5jf60gqi9zre", "question_id": 34, "name": "pre", "type": "PANAS", "item": "6", "answer": "2"}}, {"model": "website.questionnairesubmission", "pk": 2129, "fields": {"submission": 129, "session": "rf4a750k0lr6r2l77n9f5jf60gqi9zre", "question_id": 35, "name": "pre", "type": "PANAS", "item": "7", "answer": "2"}}, {"model": "website.questionnairesubmission", "pk": 2130, "fields": {"submission": 129, "session": "rf4a750k0lr6r2l77n9f5jf60gqi9zre", "question_id": 36, "name": "pre", "type": "PANAS", "item": "8", "answer": "2"}}, {"model": "website.questionnairesubmission", "pk": 2131, "fields": {"submission": 129, "session": "rf4a750k0lr6r2l77n9f5jf60gqi9zre", "question_id": 37, "name": "pre", "type": "PANAS", "item": "9", "answer": "3"}}, {"model": "website.questionnairesubmission", "pk": 2132, "fields": {"submission": 129, "session": "rf4a750k0lr6r2l77n9f5jf60gqi9zre", "question_id": 38, "name": "pre", "type": "PANAS", "item": "10", "answer": "2"}}, {"model": "website.questionnairesubmission", "pk": 2133, "fields": {"submission": 129, "session": "rf4a750k0lr6r2l77n9f5jf60gqi9zre", "question_id": 39, "name": "pre", "type": "PANAS", "item": "11", "answer": "2"}}, {"model": "website.questionnairesubmission", "pk": 2134, "fields": {"submission": 129, "session": "rf4a750k0lr6r2l77n9f5jf60gqi9zre", "question_id": 40, "name": "pre", "type": "PANAS", "item": "12", "answer": "2"}}, {"model": "website.questionnairesubmission", "pk": 2135, "fields": {"submission": 129, "session": "rf4a750k0lr6r2l77n9f5jf60gqi9zre", "question_id": 41, "name": "pre", "type": "PANAS", "item": "13", "answer": "2"}}, {"model": "website.questionnairesubmission", "pk": 2136, "fields": {"submission": 129, "session": "rf4a750k0lr6r2l77n9f5jf60gqi9zre", "question_id": 42, "name": "pre", "type": "PANAS", "item": "14", "answer": "2"}}, {"model": "website.questionnairesubmission", "pk": 2137, "fields": {"submission": 129, "session": "rf4a750k0lr6r2l77n9f5jf60gqi9zre", "question_id": 43, "name": "pre", "type": "PANAS", "item": "15", "answer": "3"}}, {"model": "website.questionnairesubmission", "pk": 2138, "fields": {"submission": 129, "session": "rf4a750k0lr6r2l77n9f5jf60gqi9zre", "question_id": 44, "name": "pre", "type": "PANAS", "item": "16", "answer": "2"}}, {"model": "website.questionnairesubmission", "pk": 2139, "fields": {"submission": 129, "session": "rf4a750k0lr6r2l77n9f5jf60gqi9zre", "question_id": 45, "name": "pre", "type": "PANAS", "item": "17", "answer": "2"}}, {"model": "website.questionnairesubmission", "pk": 2140, "fields": {"submission": 129, "session": "rf4a750k0lr6r2l77n9f5jf60gqi9zre", "question_id": 46, "name": "pre", "type": "PANAS", "item": "18", "answer": "2"}}, {"model": "website.questionnairesubmission", "pk": 2141, "fields": {"submission": 129, "session": "rf4a750k0lr6r2l77n9f5jf60gqi9zre", "question_id": 47, "name": "pre", "type": "PANAS", "item": "19", "answer": "3"}}, {"model": "website.questionnairesubmission", "pk": 2142, "fields": {"submission": 129, "session": "rf4a750k0lr6r2l77n9f5jf60gqi9zre", "question_id": 48, "name": "pre", "type": "PANAS", "item": "20", "answer": "2"}}, {"model": "website.questionnairesubmission", "pk": 2143, "fields": {"submission": 129, "session": "rf4a750k0lr6r2l77n9f5jf60gqi9zre", "question_id": 1, "name": "main", "type": "IMI", "item": "1", "answer": "3"}}, {"model": "website.questionnairesubmission", "pk": 2144, "fields": {"submission": 129, "session": "rf4a750k0lr6r2l77n9f5jf60gqi9zre", "question_id": 2, "name": "main", "type": "IMI", "item": "2", "answer": "2"}}, {"model": "website.questionnairesubmission", "pk": 2145, "fields": {"submission": 129, "session": "rf4a750k0lr6r2l77n9f5jf60gqi9zre", "question_id": 3, "name": "main", "type": "IMI", "item": "3", "answer": "3"}}, {"model": "website.questionnairesubmission", "pk": 2146, "fields": {"submission": 129, "session": "rf4a750k0lr6r2l77n9f5jf60gqi9zre", "question_id": 4, "name": "main", "type": "IMI", "item": "4", "answer": "2"}}, {"model": "website.questionnairesubmission", "pk": 2147, "fields": {"submission": 129, "session": "rf4a750k0lr6r2l77n9f5jf60gqi9zre", "question_id": 5, "name": "main", "type": "IMI", "item": "5", "answer": "2"}}, {"model": "website.questionnairesubmission", "pk": 2148, "fields": {"submission": 129, "session": "rf4a750k0lr6r2l77n9f5jf60gqi9zre", "question_id": 6, "name": "main", "type": "IMI", "item": "6", "answer": "3"}}, {"model": "website.questionnairesubmission", "pk": 2149, "fields": {"submission": 129, "session": "rf4a750k0lr6r2l77n9f5jf60gqi9zre", "question_id": 7, "name": "main", "type": "IMI", "item": "7", "answer": "2"}}, {"model": "website.questionnairesubmission", "pk": 2150, "fields": {"submission": 129, "session": "rf4a750k0lr6r2l77n9f5jf60gqi9zre", "question_id": 8, "name": "main", "type": "IMI", "item": "8", "answer": "2"}}, {"model": "website.questionnairesubmission", "pk": 2151, "fields": {"submission": 129, "session": "rf4a750k0lr6r2l77n9f5jf60gqi9zre", "question_id": 9, "name": "main", "type": "IMI", "item": "9", "answer": "2"}}, {"model": "website.questionnairesubmission", "pk": 2152, "fields": {"submission": 129, "session": "rf4a750k0lr6r2l77n9f5jf60gqi9zre", "question_id": 10, "name": "main", "type": "IMI", "item": "10", "answer": "3"}}, {"model": "website.questionnairesubmission", "pk": 2153, "fields": {"submission": 129, "session": "rf4a750k0lr6r2l77n9f5jf60gqi9zre", "question_id": 11, "name": "main", "type": "IMI", "item": "11", "answer": "2"}}, {"model": "website.questionnairesubmission", "pk": 2154, "fields": {"submission": 129, "session": "rf4a750k0lr6r2l77n9f5jf60gqi9zre", "question_id": 12, "name": "main", "type": "IMI", "item": "12", "answer": "2"}}, {"model": "website.questionnairesubmission", "pk": 2155, "fields": {"submission": 129, "session": "rf4a750k0lr6r2l77n9f5jf60gqi9zre", "question_id": 13, "name": "main", "type": "IMI", "item": "13", "answer": "3"}}, {"model": "website.questionnairesubmission", "pk": 2156, "fields": {"submission": 129, "session": "rf4a750k0lr6r2l77n9f5jf60gqi9zre", "question_id": 14, "name": "main", "type": "IMI", "item": "14", "answer": "2"}}, {"model": "website.questionnairesubmission", "pk": 2157, "fields": {"submission": 129, "session": "rf4a750k0lr6r2l77n9f5jf60gqi9zre", "question_id": 15, "name": "main", "type": "IMI", "item": "15", "answer": "3"}}, {"model": "website.questionnairesubmission", "pk": 2158, "fields": {"submission": 129, "session": "rf4a750k0lr6r2l77n9f5jf60gqi9zre", "question_id": 16, "name": "main", "type": "IMI", "item": "16", "answer": "2"}}, {"model": "website.questionnairesubmission", "pk": 2159, "fields": {"submission": 129, "session": "rf4a750k0lr6r2l77n9f5jf60gqi9zre", "question_id": 17, "name": "main", "type": "IMI", "item": "17", "answer": "2"}}, {"model": "website.questionnairesubmission", "pk": 2160, "fields": {"submission": 129, "session": "rf4a750k0lr6r2l77n9f5jf60gqi9zre", "question_id": 18, "name": "main", "type": "IMI", "item": "18", "answer": "3"}}, {"model": "website.questionnairesubmission", "pk": 2161, "fields": {"submission": 129, "session": "rf4a750k0lr6r2l77n9f5jf60gqi9zre", "question_id": 19, "name": "main", "type": "IMI", "item": "19", "answer": "2"}}, {"model": "website.questionnairesubmission", "pk": 2162, "fields": {"submission": 129, "session": "rf4a750k0lr6r2l77n9f5jf60gqi9zre", "question_id": 20, "name": "main", "type": "IMI", "item": "20", "answer": "2"}}, {"model": "website.questionnairesubmission", "pk": 2163, "fields": {"submission": 129, "session": "rf4a750k0lr6r2l77n9f5jf60gqi9zre", "question_id": 21, "name": "main", "type": "IMI", "item": "21", "answer": "2"}}, {"model": "website.questionnairesubmission", "pk": 2164, "fields": {"submission": 129, "session": "rf4a750k0lr6r2l77n9f5jf60gqi9zre", "question_id": 22, "name": "main", "type": "IMI", "item": "22", "answer": "3"}}, {"model": "website.questionnairesubmission", "pk": 2165, "fields": {"submission": 129, "session": "rf4a750k0lr6r2l77n9f5jf60gqi9zre", "question_id": 29, "name": "main", "type": "PANAS", "item": "1", "answer": "3"}}, {"model": "website.questionnairesubmission", "pk": 2166, "fields": {"submission": 129, "session": "rf4a750k0lr6r2l77n9f5jf60gqi9zre", "question_id": 30, "name": "main", "type": "PANAS", "item": "2", "answer": "2"}}, {"model": "website.questionnairesubmission", "pk": 2167, "fields": {"submission": 129, "session": "rf4a750k0lr6r2l77n9f5jf60gqi9zre", "question_id": 31, "name": "main", "type": "PANAS", "item": "3", "answer": "2"}}, {"model": "website.questionnairesubmission", "pk": 2168, "fields": {"submission": 129, "session": "rf4a750k0lr6r2l77n9f5jf60gqi9zre", "question_id": 32, "name": "main", "type": "PANAS", "item": "4", "answer": "2"}}, {"model": "website.questionnairesubmission", "pk": 2169, "fields": {"submission": 129, "session": "rf4a750k0lr6r2l77n9f5jf60gqi9zre", "question_id": 33, "name": "main", "type": "PANAS", "item": "5", "answer": "2"}}, {"model": "website.questionnairesubmission", "pk": 2170, "fields": {"submission": 129, "session": "rf4a750k0lr6r2l77n9f5jf60gqi9zre", "question_id": 34, "name": "main", "type": "PANAS", "item": "6", "answer": "2"}}, {"model": "website.questionnairesubmission", "pk": 2171, "fields": {"submission": 129, "session": "rf4a750k0lr6r2l77n9f5jf60gqi9zre", "question_id": 35, "name": "main", "type": "PANAS", "item": "7", "answer": "3"}}, {"model": "website.questionnairesubmission", "pk": 2172, "fields": {"submission": 129, "session": "rf4a750k0lr6r2l77n9f5jf60gqi9zre", "question_id": 36, "name": "main", "type": "PANAS", "item": "8", "answer": "2"}}, {"model": "website.questionnairesubmission", "pk": 2173, "fields": {"submission": 129, "session": "rf4a750k0lr6r2l77n9f5jf60gqi9zre", "question_id": 37, "name": "main", "type": "PANAS", "item": "9", "answer": "2"}}, {"model": "website.questionnairesubmission", "pk": 2174, "fields": {"submission": 129, "session": "rf4a750k0lr6r2l77n9f5jf60gqi9zre", "question_id": 38, "name": "main", "type": "PANAS", "item": "10", "answer": "3"}}, {"model": "website.questionnairesubmission", "pk": 2175, "fields": {"submission": 129, "session": "rf4a750k0lr6r2l77n9f5jf60gqi9zre", "question_id": 39, "name": "main", "type": "PANAS", "item": "11", "answer": "2"}}, {"model": "website.questionnairesubmission", "pk": 2176, "fields": {"submission": 129, "session": "rf4a750k0lr6r2l77n9f5jf60gqi9zre", "question_id": 40, "name": "main", "type": "PANAS", "item": "12", "answer": "3"}}, {"model": "website.questionnairesubmission", "pk": 2177, "fields": {"submission": 129, "session": "rf4a750k0lr6r2l77n9f5jf60gqi9zre", "question_id": 41, "name": "main", "type": "PANAS", "item": "13", "answer": "2"}}, {"model": "website.questionnairesubmission", "pk": 2178, "fields": {"submission": 129, "session": "rf4a750k0lr6r2l77n9f5jf60gqi9zre", "question_id": 42, "name": "main", "type": "PANAS", "item": "14", "answer": "2"}}, {"model": "website.questionnairesubmission", "pk": 2179, "fields": {"submission": 129, "session": "rf4a750k0lr6r2l77n9f5jf60gqi9zre", "question_id": 43, "name": "main", "type": "PANAS", "item": "15", "answer": "3"}}, {"model": "website.questionnairesubmission", "pk": 2180, "fields": {"submission": 129, "session": "rf4a750k0lr6r2l77n9f5jf60gqi9zre", "question_id": 44, "name": "main", "type": "PANAS", "item": "16", "answer": "2"}}, {"model": "website.questionnairesubmission", "pk": 2181, "fields": {"submission": 129, "session": "rf4a750k0lr6r2l77n9f5jf60gqi9zre", "question_id": 45, "name": "main", "type": "PANAS", "item": "17", "answer": "2"}}, {"model": "website.questionnairesubmission", "pk": 2182, "fields": {"submission": 129, "session": "rf4a750k0lr6r2l77n9f5jf60gqi9zre", "question_id": 46, "name": "main", "type": "PANAS", "item": "18", "answer": "2"}}, {"model": "website.questionnairesubmission", "pk": 2183, "fields": {"submission": 129, "session": "rf4a750k0lr6r2l77n9f5jf60gqi9zre", "question_id": 47, "name": "main", "type": "PANAS", "item": "19", "answer": "3"}}, {"model": "website.questionnairesubmission", "pk": 2184, "fields": {"submission": 129, "session": "rf4a750k0lr6r2l77n9f5jf60gqi9zre", "question_id": 48, "name": "main", "type": "PANAS", "item": "20", "answer": "2"}}, {"model": "website.questionnairesubmission", "pk": 2185, "fields": {"submission": 130, "session": "xtalv7s0cjd8eyvqixe44y4kyjn4zssi", "question_id": 1, "name": "pre", "type": "IMI", "item": "1", "answer": "2"}}, {"model": "website.questionnairesubmission", "pk": 2186, "fields": {"submission": 130, "session": "xtalv7s0cjd8eyvqixe44y4kyjn4zssi", "question_id": 2, "name": "pre", "type": "IMI", "item": "2", "answer": "2"}}, {"model": "website.questionnairesubmission", "pk": 2187, "fields": {"submission": 130, "session": "xtalv7s0cjd8eyvqixe44y4kyjn4zssi", "question_id": 3, "name": "pre", "type": "IMI", "item": "3", "answer": "3"}}, {"model": "website.questionnairesubmission", "pk": 2188, "fields": {"submission": 130, "session": "xtalv7s0cjd8eyvqixe44y4kyjn4zssi", "question_id": 4, "name": "pre", "type": "IMI", "item": "4", "answer": "2"}}, {"model": "website.questionnairesubmission", "pk": 2189, "fields": {"submission": 130, "session": "xtalv7s0cjd8eyvqixe44y4kyjn4zssi", "question_id": 5, "name": "pre", "type": "IMI", "item": "5", "answer": "2"}}, {"model": "website.questionnairesubmission", "pk": 2190, "fields": {"submission": 130, "session": "xtalv7s0cjd8eyvqixe44y4kyjn4zssi", "question_id": 6, "name": "pre", "type": "IMI", "item": "6", "answer": "2"}}, {"model": "website.questionnairesubmission", "pk": 2191, "fields": {"submission": 130, "session": "xtalv7s0cjd8eyvqixe44y4kyjn4zssi", "question_id": 7, "name": "pre", "type": "IMI", "item": "7", "answer": "2"}}, {"model": "website.questionnairesubmission", "pk": 2192, "fields": {"submission": 130, "session": "xtalv7s0cjd8eyvqixe44y4kyjn4zssi", "question_id": 8, "name": "pre", "type": "IMI", "item": "8", "answer": "2"}}, {"model": "website.questionnairesubmission", "pk": 2193, "fields": {"submission": 130, "session": "xtalv7s0cjd8eyvqixe44y4kyjn4zssi", "question_id": 9, "name": "pre", "type": "IMI", "item": "9", "answer": "2"}}, {"model": "website.questionnairesubmission", "pk": 2194, "fields": {"submission": 130, "session": "xtalv7s0cjd8eyvqixe44y4kyjn4zssi", "question_id": 10, "name": "pre", "type": "IMI", "item": "10", "answer": "2"}}, {"model": "website.questionnairesubmission", "pk": 2195, "fields": {"submission": 130, "session": "xtalv7s0cjd8eyvqixe44y4kyjn4zssi", "question_id": 11, "name": "pre", "type": "IMI", "item": "11", "answer": "3"}}, {"model": "website.questionnairesubmission", "pk": 2196, "fields": {"submission": 130, "session": "xtalv7s0cjd8eyvqixe44y4kyjn4zssi", "question_id": 12, "name": "pre", "type": "IMI", "item": "12", "answer": "2"}}, {"model": "website.questionnairesubmission", "pk": 2197, "fields": {"submission": 130, "session": "xtalv7s0cjd8eyvqixe44y4kyjn4zssi", "question_id": 13, "name": "pre", "type": "IMI", "item": "13", "answer": "2"}}, {"model": "website.questionnairesubmission", "pk": 2198, "fields": {"submission": 130, "session": "xtalv7s0cjd8eyvqixe44y4kyjn4zssi", "question_id": 14, "name": "pre", "type": "IMI", "item": "14", "answer": "3"}}, {"model": "website.questionnairesubmission", "pk": 2199, "fields": {"submission": 130, "session": "xtalv7s0cjd8eyvqixe44y4kyjn4zssi", "question_id": 15, "name": "pre", "type": "IMI", "item": "15", "answer": "2"}}, {"model": "website.questionnairesubmission", "pk": 2200, "fields": {"submission": 130, "session": "xtalv7s0cjd8eyvqixe44y4kyjn4zssi", "question_id": 16, "name": "pre", "type": "IMI", "item": "16", "answer": "2"}}, {"model": "website.questionnairesubmission", "pk": 2201, "fields": {"submission": 130, "session": "xtalv7s0cjd8eyvqixe44y4kyjn4zssi", "question_id": 17, "name": "pre", "type": "IMI", "item": "17", "answer": "2"}}, {"model": "website.questionnairesubmission", "pk": 2202, "fields": {"submission": 130, "session": "xtalv7s0cjd8eyvqixe44y4kyjn4zssi", "question_id": 18, "name": "pre", "type": "IMI", "item": "18", "answer": "2"}}, {"model": "website.questionnairesubmission", "pk": 2203, "fields": {"submission": 130, "session": "xtalv7s0cjd8eyvqixe44y4kyjn4zssi", "question_id": 19, "name": "pre", "type": "IMI", "item": "19", "answer": "3"}}, {"model": "website.questionnairesubmission", "pk": 2204, "fields": {"submission": 130, "session": "xtalv7s0cjd8eyvqixe44y4kyjn4zssi", "question_id": 20, "name": "pre", "type": "IMI", "item": "20", "answer": "2"}}, {"model": "website.questionnairesubmission", "pk": 2205, "fields": {"submission": 130, "session": "xtalv7s0cjd8eyvqixe44y4kyjn4zssi", "question_id": 21, "name": "pre", "type": "IMI", "item": "21", "answer": "2"}}, {"model": "website.questionnairesubmission", "pk": 2206, "fields": {"submission": 130, "session": "xtalv7s0cjd8eyvqixe44y4kyjn4zssi", "question_id": 22, "name": "pre", "type": "IMI", "item": "22", "answer": "2"}}, {"model": "website.questionnairesubmission", "pk": 2207, "fields": {"submission": 130, "session": "xtalv7s0cjd8eyvqixe44y4kyjn4zssi", "question_id": 29, "name": "pre", "type": "PANAS", "item": "1", "answer": "2"}}, {"model": "website.questionnairesubmission", "pk": 2208, "fields": {"submission": 130, "session": "xtalv7s0cjd8eyvqixe44y4kyjn4zssi", "question_id": 30, "name": "pre", "type": "PANAS", "item": "2", "answer": "3"}}, {"model": "website.questionnairesubmission", "pk": 2209, "fields": {"submission": 130, "session": "xtalv7s0cjd8eyvqixe44y4kyjn4zssi", "question_id": 31, "name": "pre", "type": "PANAS", "item": "3", "answer": "2"}}, {"model": "website.questionnairesubmission", "pk": 2210, "fields": {"submission": 130, "session": "xtalv7s0cjd8eyvqixe44y4kyjn4zssi", "question_id": 32, "name": "pre", "type": "PANAS", "item": "4", "answer": "2"}}, {"model": "website.questionnairesubmission", "pk": 2211, "fields": {"submission": 130, "session": "xtalv7s0cjd8eyvqixe44y4kyjn4zssi", "question_id": 33, "name": "pre", "type": "PANAS", "item": "5", "answer": "2"}}, {"model": "website.questionnairesubmission", "pk": 2212, "fields": {"submission": 130, "session": "xtalv7s0cjd8eyvqixe44y4kyjn4zssi", "question_id": 34, "name": "pre", "type": "PANAS", "item": "6", "answer": "2"}}, {"model": "website.questionnairesubmission", "pk": 2213, "fields": {"submission": 130, "session": "xtalv7s0cjd8eyvqixe44y4kyjn4zssi", "question_id": 35, "name": "pre", "type": "PANAS", "item": "7", "answer": "3"}}, {"model": "website.questionnairesubmission", "pk": 2214, "fields": {"submission": 130, "session": "xtalv7s0cjd8eyvqixe44y4kyjn4zssi", "question_id": 36, "name": "pre", "type": "PANAS", "item": "8", "answer": "2"}}, {"model": "website.questionnairesubmission", "pk": 2215, "fields": {"submission": 130, "session": "xtalv7s0cjd8eyvqixe44y4kyjn4zssi", "question_id": 37, "name": "pre", "type": "PANAS", "item": "9", "answer": "2"}}, {"model": "website.questionnairesubmission", "pk": 2216, "fields": {"submission": 130, "session": "xtalv7s0cjd8eyvqixe44y4kyjn4zssi", "question_id": 38, "name": "pre", "type": "PANAS", "item": "10", "answer": "3"}}, {"model": "website.questionnairesubmission", "pk": 2217, "fields": {"submission": 130, "session": "xtalv7s0cjd8eyvqixe44y4kyjn4zssi", "question_id": 39, "name": "pre", "type": "PANAS", "item": "11", "answer": "2"}}, {"model": "website.questionnairesubmission", "pk": 2218, "fields": {"submission": 130, "session": "xtalv7s0cjd8eyvqixe44y4kyjn4zssi", "question_id": 40, "name": "pre", "type": "PANAS", "item": "12", "answer": "2"}}, {"model": "website.questionnairesubmission", "pk": 2219, "fields": {"submission": 130, "session": "xtalv7s0cjd8eyvqixe44y4kyjn4zssi", "question_id": 41, "name": "pre", "type": "PANAS", "item": "13", "answer": "2"}}, {"model": "website.questionnairesubmission", "pk": 2220, "fields": {"submission": 130, "session": "xtalv7s0cjd8eyvqixe44y4kyjn4zssi", "question_id": 42, "name": "pre", "type": "PANAS", "item": "14", "answer": "3"}}, {"model": "website.questionnairesubmission", "pk": 2221, "fields": {"submission": 130, "session": "xtalv7s0cjd8eyvqixe44y4kyjn4zssi", "question_id": 43, "name": "pre", "type": "PANAS", "item": "15", "answer": "2"}}, {"model": "website.questionnairesubmission", "pk": 2222, "fields": {"submission": 130, "session": "xtalv7s0cjd8eyvqixe44y4kyjn4zssi", "question_id": 44, "name": "pre", "type": "PANAS", "item": "16", "answer": "2"}}, {"model": "website.questionnairesubmission", "pk": 2223, "fields": {"submission": 130, "session": "xtalv7s0cjd8eyvqixe44y4kyjn4zssi", "question_id": 45, "name": "pre", "type": "PANAS", "item": "17", "answer": "2"}}, {"model": "website.questionnairesubmission", "pk": 2224, "fields": {"submission": 130, "session": "xtalv7s0cjd8eyvqixe44y4kyjn4zssi", "question_id": 46, "name": "pre", "type": "PANAS", "item": "18", "answer": "3"}}, {"model": "website.questionnairesubmission", "pk": 2225, "fields": {"submission": 130, "session": "xtalv7s0cjd8eyvqixe44y4kyjn4zssi", "question_id": 47, "name": "pre", "type": "PANAS", "item": "19", "answer": "2"}}, {"model": "website.questionnairesubmission", "pk": 2226, "fields": {"submission": 130, "session": "xtalv7s0cjd8eyvqixe44y4kyjn4zssi", "question_id": 48, "name": "pre", "type": "PANAS", "item": "20", "answer": "2"}}, {"model": "website.questionnairesubmission", "pk": 2227, "fields": {"submission": 130, "session": "xtalv7s0cjd8eyvqixe44y4kyjn4zssi", "question_id": 1, "name": "main", "type": "IMI", "item": "1", "answer": "3"}}, {"model": "website.questionnairesubmission", "pk": 2228, "fields": {"submission": 130, "session": "xtalv7s0cjd8eyvqixe44y4kyjn4zssi", "question_id": 2, "name": "main", "type": "IMI", "item": "2", "answer": "2"}}, {"model": "website.questionnairesubmission", "pk": 2229, "fields": {"submission": 130, "session": "xtalv7s0cjd8eyvqixe44y4kyjn4zssi", "question_id": 3, "name": "main", "type": "IMI", "item": "3", "answer": "2"}}, {"model": "website.questionnairesubmission", "pk": 2230, "fields": {"submission": 130, "session": "xtalv7s0cjd8eyvqixe44y4kyjn4zssi", "question_id": 4, "name": "main", "type": "IMI", "item": "4", "answer": "2"}}, {"model": "website.questionnairesubmission", "pk": 2231, "fields": {"submission": 130, "session": "xtalv7s0cjd8eyvqixe44y4kyjn4zssi", "question_id": 5, "name": "main", "type": "IMI", "item": "5", "answer": "2"}}, {"model": "website.questionnairesubmission", "pk": 2232, "fields": {"submission": 130, "session": "xtalv7s0cjd8eyvqixe44y4kyjn4zssi", "question_id": 6, "name": "main", "type": "IMI", "item": "6", "answer": "2"}}, {"model": "website.questionnairesubmission", "pk": 2233, "fields": {"submission": 130, "session": "xtalv7s0cjd8eyvqixe44y4kyjn4zssi", "question_id": 7, "name": "main", "type": "IMI", "item": "7", "answer": "2"}}, {"model": "website.questionnairesubmission", "pk": 2234, "fields": {"submission": 130, "session": "xtalv7s0cjd8eyvqixe44y4kyjn4zssi", "question_id": 8, "name": "main", "type": "IMI", "item": "8", "answer": "2"}}, {"model": "website.questionnairesubmission", "pk": 2235, "fields": {"submission": 130, "session": "xtalv7s0cjd8eyvqixe44y4kyjn4zssi", "question_id": 9, "name": "main", "type": "IMI", "item": "9", "answer": "2"}}, {"model": "website.questionnairesubmission", "pk": 2236, "fields": {"submission": 130, "session": "xtalv7s0cjd8eyvqixe44y4kyjn4zssi", "question_id": 10, "name": "main", "type": "IMI", "item": "10", "answer": "2"}}, {"model": "website.questionnairesubmission", "pk": 2237, "fields": {"submission": 130, "session": "xtalv7s0cjd8eyvqixe44y4kyjn4zssi", "question_id": 11, "name": "main", "type": "IMI", "item": "11", "answer": "3"}}, {"model": "website.questionnairesubmission", "pk": 2238, "fields": {"submission": 130, "session": "xtalv7s0cjd8eyvqixe44y4kyjn4zssi", "question_id": 12, "name": "main", "type": "IMI", "item": "12", "answer": "2"}}, {"model": "website.questionnairesubmission", "pk": 2239, "fields": {"submission": 130, "session": "xtalv7s0cjd8eyvqixe44y4kyjn4zssi", "question_id": 13, "name": "main", "type": "IMI", "item": "13", "answer": "2"}}, {"model": "website.questionnairesubmission", "pk": 2240, "fields": {"submission": 130, "session": "xtalv7s0cjd8eyvqixe44y4kyjn4zssi", "question_id": 14, "name": "main", "type": "IMI", "item": "14", "answer": "2"}}, {"model": "website.questionnairesubmission", "pk": 2241, "fields": {"submission": 130, "session": "xtalv7s0cjd8eyvqixe44y4kyjn4zssi", "question_id": 15, "name": "main", "type": "IMI", "item": "15", "answer": "2"}}, {"model": "website.questionnairesubmission", "pk": 2242, "fields": {"submission": 130, "session": "xtalv7s0cjd8eyvqixe44y4kyjn4zssi", "question_id": 16, "name": "main", "type": "IMI", "item": "16", "answer": "3"}}, {"model": "website.questionnairesubmission", "pk": 2243, "fields": {"submission": 130, "session": "xtalv7s0cjd8eyvqixe44y4kyjn4zssi", "question_id": 17, "name": "main", "type": "IMI", "item": "17", "answer": "2"}}, {"model": "website.questionnairesubmission", "pk": 2244, "fields": {"submission": 130, "session": "xtalv7s0cjd8eyvqixe44y4kyjn4zssi", "question_id": 18, "name": "main", "type": "IMI", "item": "18", "answer": "2"}}, {"model": "website.questionnairesubmission", "pk": 2245, "fields": {"submission": 130, "session": "xtalv7s0cjd8eyvqixe44y4kyjn4zssi", "question_id": 19, "name": "main", "type": "IMI", "item": "19", "answer": "2"}}, {"model": "website.questionnairesubmission", "pk": 2246, "fields": {"submission": 130, "session": "xtalv7s0cjd8eyvqixe44y4kyjn4zssi", "question_id": 20, "name": "main", "type": "IMI", "item": "20", "answer": "3"}}, {"model": "website.questionnairesubmission", "pk": 2247, "fields": {"submission": 130, "session": "xtalv7s0cjd8eyvqixe44y4kyjn4zssi", "question_id": 21, "name": "main", "type": "IMI", "item": "21", "answer": "2"}}, {"model": "website.questionnairesubmission", "pk": 2248, "fields": {"submission": 130, "session": "xtalv7s0cjd8eyvqixe44y4kyjn4zssi", "question_id": 22, "name": "main", "type": "IMI", "item": "22", "answer": "2"}}, {"model": "website.questionnairesubmission", "pk": 2249, "fields": {"submission": 130, "session": "xtalv7s0cjd8eyvqixe44y4kyjn4zssi", "question_id": 29, "name": "main", "type": "PANAS", "item": "1", "answer": "2"}}, {"model": "website.questionnairesubmission", "pk": 2250, "fields": {"submission": 130, "session": "xtalv7s0cjd8eyvqixe44y4kyjn4zssi", "question_id": 30, "name": "main", "type": "PANAS", "item": "2", "answer": "2"}}, {"model": "website.questionnairesubmission", "pk": 2251, "fields": {"submission": 130, "session": "xtalv7s0cjd8eyvqixe44y4kyjn4zssi", "question_id": 31, "name": "main", "type": "PANAS", "item": "3", "answer": "2"}}, {"model": "website.questionnairesubmission", "pk": 2252, "fields": {"submission": 130, "session": "xtalv7s0cjd8eyvqixe44y4kyjn4zssi", "question_id": 32, "name": "main", "type": "PANAS", "item": "4", "answer": "2"}}, {"model": "website.questionnairesubmission", "pk": 2253, "fields": {"submission": 130, "session": "xtalv7s0cjd8eyvqixe44y4kyjn4zssi", "question_id": 33, "name": "main", "type": "PANAS", "item": "5", "answer": "2"}}, {"model": "website.questionnairesubmission", "pk": 2254, "fields": {"submission": 130, "session": "xtalv7s0cjd8eyvqixe44y4kyjn4zssi", "question_id": 34, "name": "main", "type": "PANAS", "item": "6", "answer": "2"}}, {"model": "website.questionnairesubmission", "pk": 2255, "fields": {"submission": 130, "session": "xtalv7s0cjd8eyvqixe44y4kyjn4zssi", "question_id": 35, "name": "main", "type": "PANAS", "item": "7", "answer": "3"}}, {"model": "website.questionnairesubmission", "pk": 2256, "fields": {"submission": 130, "session": "xtalv7s0cjd8eyvqixe44y4kyjn4zssi", "question_id": 36, "name": "main", "type": "PANAS", "item": "8", "answer": "2"}}, {"model": "website.questionnairesubmission", "pk": 2257, "fields": {"submission": 130, "session": "xtalv7s0cjd8eyvqixe44y4kyjn4zssi", "question_id": 37, "name": "main", "type": "PANAS", "item": "9", "answer": "3"}}, {"model": "website.questionnairesubmission", "pk": 2258, "fields": {"submission": 130, "session": "xtalv7s0cjd8eyvqixe44y4kyjn4zssi", "question_id": 38, "name": "main", "type": "PANAS", "item": "10", "answer": "1"}}, {"model": "website.questionnairesubmission", "pk": 2259, "fields": {"submission": 130, "session": "xtalv7s0cjd8eyvqixe44y4kyjn4zssi", "question_id": 39, "name": "main", "type": "PANAS", "item": "11", "answer": "2"}}, {"model": "website.questionnairesubmission", "pk": 2260, "fields": {"submission": 130, "session": "xtalv7s0cjd8eyvqixe44y4kyjn4zssi", "question_id": 40, "name": "main", "type": "PANAS", "item": "12", "answer": "2"}}, {"model": "website.questionnairesubmission", "pk": 2261, "fields": {"submission": 130, "session": "xtalv7s0cjd8eyvqixe44y4kyjn4zssi", "question_id": 41, "name": "main", "type": "PANAS", "item": "13", "answer": "2"}}, {"model": "website.questionnairesubmission", "pk": 2262, "fields": {"submission": 130, "session": "xtalv7s0cjd8eyvqixe44y4kyjn4zssi", "question_id": 42, "name": "main", "type": "PANAS", "item": "14", "answer": "3"}}, {"model": "website.questionnairesubmission", "pk": 2263, "fields": {"submission": 130, "session": "xtalv7s0cjd8eyvqixe44y4kyjn4zssi", "question_id": 43, "name": "main", "type": "PANAS", "item": "15", "answer": "3"}}, {"model": "website.questionnairesubmission", "pk": 2264, "fields": {"submission": 130, "session": "xtalv7s0cjd8eyvqixe44y4kyjn4zssi", "question_id": 44, "name": "main", "type": "PANAS", "item": "16", "answer": "2"}}, {"model": "website.questionnairesubmission", "pk": 2265, "fields": {"submission": 130, "session": "xtalv7s0cjd8eyvqixe44y4kyjn4zssi", "question_id": 45, "name": "main", "type": "PANAS", "item": "17", "answer": "3"}}, {"model": "website.questionnairesubmission", "pk": 2266, "fields": {"submission": 130, "session": "xtalv7s0cjd8eyvqixe44y4kyjn4zssi", "question_id": 46, "name": "main", "type": "PANAS", "item": "18", "answer": "2"}}, {"model": "website.questionnairesubmission", "pk": 2267, "fields": {"submission": 130, "session": "xtalv7s0cjd8eyvqixe44y4kyjn4zssi", "question_id": 47, "name": "main", "type": "PANAS", "item": "19", "answer": "2"}}, {"model": "website.questionnairesubmission", "pk": 2268, "fields": {"submission": 130, "session": "xtalv7s0cjd8eyvqixe44y4kyjn4zssi", "question_id": 48, "name": "main", "type": "PANAS", "item": "20", "answer": "2"}}, {"model": "website.questionnairesubmission", "pk": 2479, "fields": {"submission": 135, "session": "4i4nk9rl956aa1ino2mam09y1bcomii9", "question_id": 1, "name": "pre", "type": "IMI", "item": "1", "answer": "2"}}, {"model": "website.questionnairesubmission", "pk": 2480, "fields": {"submission": 135, "session": "4i4nk9rl956aa1ino2mam09y1bcomii9", "question_id": 2, "name": "pre", "type": "IMI", "item": "2", "answer": "2"}}, {"model": "website.questionnairesubmission", "pk": 2481, "fields": {"submission": 135, "session": "4i4nk9rl956aa1ino2mam09y1bcomii9", "question_id": 3, "name": "pre", "type": "IMI", "item": "3", "answer": "2"}}, {"model": "website.questionnairesubmission", "pk": 2482, "fields": {"submission": 135, "session": "4i4nk9rl956aa1ino2mam09y1bcomii9", "question_id": 4, "name": "pre", "type": "IMI", "item": "4", "answer": "2"}}, {"model": "website.questionnairesubmission", "pk": 2483, "fields": {"submission": 135, "session": "4i4nk9rl956aa1ino2mam09y1bcomii9", "question_id": 5, "name": "pre", "type": "IMI", "item": "5", "answer": "3"}}, {"model": "website.questionnairesubmission", "pk": 2484, "fields": {"submission": 135, "session": "4i4nk9rl956aa1ino2mam09y1bcomii9", "question_id": 6, "name": "pre", "type": "IMI", "item": "6", "answer": "2"}}, {"model": "website.questionnairesubmission", "pk": 2485, "fields": {"submission": 135, "session": "4i4nk9rl956aa1ino2mam09y1bcomii9", "question_id": 7, "name": "pre", "type": "IMI", "item": "7", "answer": "4"}}, {"model": "website.questionnairesubmission", "pk": 2486, "fields": {"submission": 135, "session": "4i4nk9rl956aa1ino2mam09y1bcomii9", "question_id": 8, "name": "pre", "type": "IMI", "item": "8", "answer": "2"}}, {"model": "website.questionnairesubmission", "pk": 2487, "fields": {"submission": 135, "session": "4i4nk9rl956aa1ino2mam09y1bcomii9", "question_id": 9, "name": "pre", "type": "IMI", "item": "9", "answer": "2"}}, {"model": "website.questionnairesubmission", "pk": 2488, "fields": {"submission": 135, "session": "4i4nk9rl956aa1ino2mam09y1bcomii9", "question_id": 10, "name": "pre", "type": "IMI", "item": "10", "answer": "2"}}, {"model": "website.questionnairesubmission", "pk": 2489, "fields": {"submission": 135, "session": "4i4nk9rl956aa1ino2mam09y1bcomii9", "question_id": 11, "name": "pre", "type": "IMI", "item": "11", "answer": "3"}}, {"model": "website.questionnairesubmission", "pk": 2490, "fields": {"submission": 135, "session": "4i4nk9rl956aa1ino2mam09y1bcomii9", "question_id": 12, "name": "pre", "type": "IMI", "item": "12", "answer": "2"}}, {"model": "website.questionnairesubmission", "pk": 2491, "fields": {"submission": 135, "session": "4i4nk9rl956aa1ino2mam09y1bcomii9", "question_id": 13, "name": "pre", "type": "IMI", "item": "13", "answer": "2"}}, {"model": "website.questionnairesubmission", "pk": 2492, "fields": {"submission": 135, "session": "4i4nk9rl956aa1ino2mam09y1bcomii9", "question_id": 14, "name": "pre", "type": "IMI", "item": "14", "answer": "2"}}, {"model": "website.questionnairesubmission", "pk": 2493, "fields": {"submission": 135, "session": "4i4nk9rl956aa1ino2mam09y1bcomii9", "question_id": 15, "name": "pre", "type": "IMI", "item": "15", "answer": "2"}}, {"model": "website.questionnairesubmission", "pk": 2494, "fields": {"submission": 135, "session": "4i4nk9rl956aa1ino2mam09y1bcomii9", "question_id": 16, "name": "pre", "type": "IMI", "item": "16", "answer": "3"}}, {"model": "website.questionnairesubmission", "pk": 2495, "fields": {"submission": 135, "session": "4i4nk9rl956aa1ino2mam09y1bcomii9", "question_id": 17, "name": "pre", "type": "IMI", "item": "17", "answer": "2"}}, {"model": "website.questionnairesubmission", "pk": 2496, "fields": {"submission": 135, "session": "4i4nk9rl956aa1ino2mam09y1bcomii9", "question_id": 18, "name": "pre", "type": "IMI", "item": "18", "answer": "2"}}, {"model": "website.questionnairesubmission", "pk": 2497, "fields": {"submission": 135, "session": "4i4nk9rl956aa1ino2mam09y1bcomii9", "question_id": 19, "name": "pre", "type": "IMI", "item": "19", "answer": "2"}}, {"model": "website.questionnairesubmission", "pk": 2498, "fields": {"submission": 135, "session": "4i4nk9rl956aa1ino2mam09y1bcomii9", "question_id": 20, "name": "pre", "type": "IMI", "item": "20", "answer": "3"}}, {"model": "website.questionnairesubmission", "pk": 2499, "fields": {"submission": 135, "session": "4i4nk9rl956aa1ino2mam09y1bcomii9", "question_id": 21, "name": "pre", "type": "IMI", "item": "21", "answer": "3"}}, {"model": "website.questionnairesubmission", "pk": 2500, "fields": {"submission": 135, "session": "4i4nk9rl956aa1ino2mam09y1bcomii9", "question_id": 22, "name": "pre", "type": "IMI", "item": "22", "answer": "2"}}, {"model": "website.questionnairesubmission", "pk": 2501, "fields": {"submission": 135, "session": "4i4nk9rl956aa1ino2mam09y1bcomii9", "question_id": 29, "name": "pre", "type": "PANAS", "item": "1", "answer": "2"}}, {"model": "website.questionnairesubmission", "pk": 2502, "fields": {"submission": 135, "session": "4i4nk9rl956aa1ino2mam09y1bcomii9", "question_id": 30, "name": "pre", "type": "PANAS", "item": "2", "answer": "3"}}, {"model": "website.questionnairesubmission", "pk": 2503, "fields": {"submission": 135, "session": "4i4nk9rl956aa1ino2mam09y1bcomii9", "question_id": 31, "name": "pre", "type": "PANAS", "item": "3", "answer": "2"}}, {"model": "website.questionnairesubmission", "pk": 2504, "fields": {"submission": 135, "session": "4i4nk9rl956aa1ino2mam09y1bcomii9", "question_id": 32, "name": "pre", "type": "PANAS", "item": "4", "answer": "2"}}, {"model": "website.questionnairesubmission", "pk": 2505, "fields": {"submission": 135, "session": "4i4nk9rl956aa1ino2mam09y1bcomii9", "question_id": 33, "name": "pre", "type": "PANAS", "item": "5", "answer": "3"}}, {"model": "website.questionnairesubmission", "pk": 2506, "fields": {"submission": 135, "session": "4i4nk9rl956aa1ino2mam09y1bcomii9", "question_id": 34, "name": "pre", "type": "PANAS", "item": "6", "answer": "2"}}, {"model": "website.questionnairesubmission", "pk": 2507, "fields": {"submission": 135, "session": "4i4nk9rl956aa1ino2mam09y1bcomii9", "question_id": 35, "name": "pre", "type": "PANAS", "item": "7", "answer": "2"}}, {"model": "website.questionnairesubmission", "pk": 2508, "fields": {"submission": 135, "session": "4i4nk9rl956aa1ino2mam09y1bcomii9", "question_id": 36, "name": "pre", "type": "PANAS", "item": "8", "answer": "2"}}, {"model": "website.questionnairesubmission", "pk": 2509, "fields": {"submission": 135, "session": "4i4nk9rl956aa1ino2mam09y1bcomii9", "question_id": 37, "name": "pre", "type": "PANAS", "item": "9", "answer": "2"}}, {"model": "website.questionnairesubmission", "pk": 2510, "fields": {"submission": 135, "session": "4i4nk9rl956aa1ino2mam09y1bcomii9", "question_id": 38, "name": "pre", "type": "PANAS", "item": "10", "answer": "2"}}, {"model": "website.questionnairesubmission", "pk": 2511, "fields": {"submission": 135, "session": "4i4nk9rl956aa1ino2mam09y1bcomii9", "question_id": 39, "name": "pre", "type": "PANAS", "item": "11", "answer": "2"}}, {"model": "website.questionnairesubmission", "pk": 2512, "fields": {"submission": 135, "session": "4i4nk9rl956aa1ino2mam09y1bcomii9", "question_id": 40, "name": "pre", "type": "PANAS", "item": "12", "answer": "2"}}, {"model": "website.questionnairesubmission", "pk": 2513, "fields": {"submission": 135, "session": "4i4nk9rl956aa1ino2mam09y1bcomii9", "question_id": 41, "name": "pre", "type": "PANAS", "item": "13", "answer": "4"}}, {"model": "website.questionnairesubmission", "pk": 2514, "fields": {"submission": 135, "session": "4i4nk9rl956aa1ino2mam09y1bcomii9", "question_id": 42, "name": "pre", "type": "PANAS", "item": "14", "answer": "2"}}, {"model": "website.questionnairesubmission", "pk": 2515, "fields": {"submission": 135, "session": "4i4nk9rl956aa1ino2mam09y1bcomii9", "question_id": 43, "name": "pre", "type": "PANAS", "item": "15", "answer": "2"}}, {"model": "website.questionnairesubmission", "pk": 2516, "fields": {"submission": 135, "session": "4i4nk9rl956aa1ino2mam09y1bcomii9", "question_id": 44, "name": "pre", "type": "PANAS", "item": "16", "answer": "2"}}, {"model": "website.questionnairesubmission", "pk": 2517, "fields": {"submission": 135, "session": "4i4nk9rl956aa1ino2mam09y1bcomii9", "question_id": 45, "name": "pre", "type": "PANAS", "item": "17", "answer": "2"}}, {"model": "website.questionnairesubmission", "pk": 2518, "fields": {"submission": 135, "session": "4i4nk9rl956aa1ino2mam09y1bcomii9", "question_id": 46, "name": "pre", "type": "PANAS", "item": "18", "answer": "3"}}, {"model": "website.questionnairesubmission", "pk": 2519, "fields": {"submission": 135, "session": "4i4nk9rl956aa1ino2mam09y1bcomii9", "question_id": 47, "name": "pre", "type": "PANAS", "item": "19", "answer": "2"}}, {"model": "website.questionnairesubmission", "pk": 2520, "fields": {"submission": 135, "session": "4i4nk9rl956aa1ino2mam09y1bcomii9", "question_id": 48, "name": "pre", "type": "PANAS", "item": "20", "answer": "2"}}, {"model": "website.questionnairesubmission", "pk": 2521, "fields": {"submission": 135, "session": "4i4nk9rl956aa1ino2mam09y1bcomii9", "question_id": 1, "name": "main", "type": "IMI", "item": "1", "answer": "3"}}, {"model": "website.questionnairesubmission", "pk": 2522, "fields": {"submission": 135, "session": "4i4nk9rl956aa1ino2mam09y1bcomii9", "question_id": 2, "name": "main", "type": "IMI", "item": "2", "answer": "2"}}, {"model": "website.questionnairesubmission", "pk": 2523, "fields": {"submission": 135, "session": "4i4nk9rl956aa1ino2mam09y1bcomii9", "question_id": 3, "name": "main", "type": "IMI", "item": "3", "answer": "2"}}, {"model": "website.questionnairesubmission", "pk": 2524, "fields": {"submission": 135, "session": "4i4nk9rl956aa1ino2mam09y1bcomii9", "question_id": 4, "name": "main", "type": "IMI", "item": "4", "answer": "3"}}, {"model": "website.questionnairesubmission", "pk": 2525, "fields": {"submission": 135, "session": "4i4nk9rl956aa1ino2mam09y1bcomii9", "question_id": 5, "name": "main", "type": "IMI", "item": "5", "answer": "2"}}, {"model": "website.questionnairesubmission", "pk": 2526, "fields": {"submission": 135, "session": "4i4nk9rl956aa1ino2mam09y1bcomii9", "question_id": 6, "name": "main", "type": "IMI", "item": "6", "answer": "2"}}, {"model": "website.questionnairesubmission", "pk": 2527, "fields": {"submission": 135, "session": "4i4nk9rl956aa1ino2mam09y1bcomii9", "question_id": 7, "name": "main", "type": "IMI", "item": "7", "answer": "2"}}, {"model": "website.questionnairesubmission", "pk": 2528, "fields": {"submission": 135, "session": "4i4nk9rl956aa1ino2mam09y1bcomii9", "question_id": 8, "name": "main", "type": "IMI", "item": "8", "answer": "3"}}, {"model": "website.questionnairesubmission", "pk": 2529, "fields": {"submission": 135, "session": "4i4nk9rl956aa1ino2mam09y1bcomii9", "question_id": 9, "name": "main", "type": "IMI", "item": "9", "answer": "2"}}, {"model": "website.questionnairesubmission", "pk": 2530, "fields": {"submission": 135, "session": "4i4nk9rl956aa1ino2mam09y1bcomii9", "question_id": 10, "name": "main", "type": "IMI", "item": "10", "answer": "2"}}, {"model": "website.questionnairesubmission", "pk": 2531, "fields": {"submission": 135, "session": "4i4nk9rl956aa1ino2mam09y1bcomii9", "question_id": 11, "name": "main", "type": "IMI", "item": "11", "answer": "3"}}, {"model": "website.questionnairesubmission", "pk": 2532, "fields": {"submission": 135, "session": "4i4nk9rl956aa1ino2mam09y1bcomii9", "question_id": 12, "name": "main", "type": "IMI", "item": "12", "answer": "2"}}, {"model": "website.questionnairesubmission", "pk": 2533, "fields": {"submission": 135, "session": "4i4nk9rl956aa1ino2mam09y1bcomii9", "question_id": 13, "name": "main", "type": "IMI", "item": "13", "answer": "3"}}, {"model": "website.questionnairesubmission", "pk": 2534, "fields": {"submission": 135, "session": "4i4nk9rl956aa1ino2mam09y1bcomii9", "question_id": 14, "name": "main", "type": "IMI", "item": "14", "answer": "2"}}, {"model": "website.questionnairesubmission", "pk": 2535, "fields": {"submission": 135, "session": "4i4nk9rl956aa1ino2mam09y1bcomii9", "question_id": 15, "name": "main", "type": "IMI", "item": "15", "answer": "2"}}, {"model": "website.questionnairesubmission", "pk": 2536, "fields": {"submission": 135, "session": "4i4nk9rl956aa1ino2mam09y1bcomii9", "question_id": 16, "name": "main", "type": "IMI", "item": "16", "answer": "2"}}, {"model": "website.questionnairesubmission", "pk": 2537, "fields": {"submission": 135, "session": "4i4nk9rl956aa1ino2mam09y1bcomii9", "question_id": 17, "name": "main", "type": "IMI", "item": "17", "answer": "3"}}, {"model": "website.questionnairesubmission", "pk": 2538, "fields": {"submission": 135, "session": "4i4nk9rl956aa1ino2mam09y1bcomii9", "question_id": 18, "name": "main", "type": "IMI", "item": "18", "answer": "2"}}, {"model": "website.questionnairesubmission", "pk": 2539, "fields": {"submission": 135, "session": "4i4nk9rl956aa1ino2mam09y1bcomii9", "question_id": 19, "name": "main", "type": "IMI", "item": "19", "answer": "2"}}, {"model": "website.questionnairesubmission", "pk": 2540, "fields": {"submission": 135, "session": "4i4nk9rl956aa1ino2mam09y1bcomii9", "question_id": 20, "name": "main", "type": "IMI", "item": "20", "answer": "3"}}, {"model": "website.questionnairesubmission", "pk": 2541, "fields": {"submission": 135, "session": "4i4nk9rl956aa1ino2mam09y1bcomii9", "question_id": 21, "name": "main", "type": "IMI", "item": "21", "answer": "2"}}, {"model": "website.questionnairesubmission", "pk": 2542, "fields": {"submission": 135, "session": "4i4nk9rl956aa1ino2mam09y1bcomii9", "question_id": 22, "name": "main", "type": "IMI", "item": "22", "answer": "2"}}, {"model": "website.questionnairesubmission", "pk": 2543, "fields": {"submission": 135, "session": "4i4nk9rl956aa1ino2mam09y1bcomii9", "question_id": 29, "name": "main", "type": "PANAS", "item": "1", "answer": "2"}}, {"model": "website.questionnairesubmission", "pk": 2544, "fields": {"submission": 135, "session": "4i4nk9rl956aa1ino2mam09y1bcomii9", "question_id": 30, "name": "main", "type": "PANAS", "item": "2", "answer": "2"}}, {"model": "website.questionnairesubmission", "pk": 2545, "fields": {"submission": 135, "session": "4i4nk9rl956aa1ino2mam09y1bcomii9", "question_id": 31, "name": "main", "type": "PANAS", "item": "3", "answer": "2"}}, {"model": "website.questionnairesubmission", "pk": 2546, "fields": {"submission": 135, "session": "4i4nk9rl956aa1ino2mam09y1bcomii9", "question_id": 32, "name": "main", "type": "PANAS", "item": "4", "answer": "2"}}, {"model": "website.questionnairesubmission", "pk": 2547, "fields": {"submission": 135, "session": "4i4nk9rl956aa1ino2mam09y1bcomii9", "question_id": 33, "name": "main", "type": "PANAS", "item": "5", "answer": "3"}}, {"model": "website.questionnairesubmission", "pk": 2548, "fields": {"submission": 135, "session": "4i4nk9rl956aa1ino2mam09y1bcomii9", "question_id": 34, "name": "main", "type": "PANAS", "item": "6", "answer": "2"}}, {"model": "website.questionnairesubmission", "pk": 2549, "fields": {"submission": 135, "session": "4i4nk9rl956aa1ino2mam09y1bcomii9", "question_id": 35, "name": "main", "type": "PANAS", "item": "7", "answer": "2"}}, {"model": "website.questionnairesubmission", "pk": 2550, "fields": {"submission": 135, "session": "4i4nk9rl956aa1ino2mam09y1bcomii9", "question_id": 36, "name": "main", "type": "PANAS", "item": "8", "answer": "2"}}, {"model": "website.questionnairesubmission", "pk": 2551, "fields": {"submission": 135, "session": "4i4nk9rl956aa1ino2mam09y1bcomii9", "question_id": 37, "name": "main", "type": "PANAS", "item": "9", "answer": "3"}}, {"model": "website.questionnairesubmission", "pk": 2552, "fields": {"submission": 135, "session": "4i4nk9rl956aa1ino2mam09y1bcomii9", "question_id": 38, "name": "main", "type": "PANAS", "item": "10", "answer": "2"}}, {"model": "website.questionnairesubmission", "pk": 2553, "fields": {"submission": 135, "session": "4i4nk9rl956aa1ino2mam09y1bcomii9", "question_id": 39, "name": "main", "type": "PANAS", "item": "11", "answer": "2"}}, {"model": "website.questionnairesubmission", "pk": 2554, "fields": {"submission": 135, "session": "4i4nk9rl956aa1ino2mam09y1bcomii9", "question_id": 40, "name": "main", "type": "PANAS", "item": "12", "answer": "2"}}, {"model": "website.questionnairesubmission", "pk": 2555, "fields": {"submission": 135, "session": "4i4nk9rl956aa1ino2mam09y1bcomii9", "question_id": 41, "name": "main", "type": "PANAS", "item": "13", "answer": "3"}}, {"model": "website.questionnairesubmission", "pk": 2556, "fields": {"submission": 135, "session": "4i4nk9rl956aa1ino2mam09y1bcomii9", "question_id": 42, "name": "main", "type": "PANAS", "item": "14", "answer": "2"}}, {"model": "website.questionnairesubmission", "pk": 2557, "fields": {"submission": 135, "session": "4i4nk9rl956aa1ino2mam09y1bcomii9", "question_id": 43, "name": "main", "type": "PANAS", "item": "15", "answer": "2"}}, {"model": "website.questionnairesubmission", "pk": 2558, "fields": {"submission": 135, "session": "4i4nk9rl956aa1ino2mam09y1bcomii9", "question_id": 44, "name": "main", "type": "PANAS", "item": "16", "answer": "2"}}, {"model": "website.questionnairesubmission", "pk": 2559, "fields": {"submission": 135, "session": "4i4nk9rl956aa1ino2mam09y1bcomii9", "question_id": 45, "name": "main", "type": "PANAS", "item": "17", "answer": "3"}}, {"model": "website.questionnairesubmission", "pk": 2560, "fields": {"submission": 135, "session": "4i4nk9rl956aa1ino2mam09y1bcomii9", "question_id": 46, "name": "main", "type": "PANAS", "item": "18", "answer": "2"}}, {"model": "website.questionnairesubmission", "pk": 2561, "fields": {"submission": 135, "session": "4i4nk9rl956aa1ino2mam09y1bcomii9", "question_id": 47, "name": "main", "type": "PANAS", "item": "19", "answer": "2"}}, {"model": "website.questionnairesubmission", "pk": 2562, "fields": {"submission": 135, "session": "4i4nk9rl956aa1ino2mam09y1bcomii9", "question_id": 48, "name": "main", "type": "PANAS", "item": "20", "answer": "2"}}, {"model": "website.questionnairesubmission", "pk": 2731, "fields": {"submission": 138, "session": "rwgp024w0c26wysfsothqg7ti5rzeiq5", "question_id": 1, "name": "pre", "type": "IMI", "item": "1", "answer": "2"}}, {"model": "website.questionnairesubmission", "pk": 2732, "fields": {"submission": 138, "session": "rwgp024w0c26wysfsothqg7ti5rzeiq5", "question_id": 2, "name": "pre", "type": "IMI", "item": "2", "answer": "2"}}, {"model": "website.questionnairesubmission", "pk": 2733, "fields": {"submission": 138, "session": "rwgp024w0c26wysfsothqg7ti5rzeiq5", "question_id": 3, "name": "pre", "type": "IMI", "item": "3", "answer": "2"}}, {"model": "website.questionnairesubmission", "pk": 2734, "fields": {"submission": 138, "session": "rwgp024w0c26wysfsothqg7ti5rzeiq5", "question_id": 4, "name": "pre", "type": "IMI", "item": "4", "answer": "3"}}, {"model": "website.questionnairesubmission", "pk": 2735, "fields": {"submission": 138, "session": "rwgp024w0c26wysfsothqg7ti5rzeiq5", "question_id": 5, "name": "pre", "type": "IMI", "item": "5", "answer": "2"}}, {"model": "website.questionnairesubmission", "pk": 2736, "fields": {"submission": 138, "session": "rwgp024w0c26wysfsothqg7ti5rzeiq5", "question_id": 6, "name": "pre", "type": "IMI", "item": "6", "answer": "2"}}, {"model": "website.questionnairesubmission", "pk": 2737, "fields": {"submission": 138, "session": "rwgp024w0c26wysfsothqg7ti5rzeiq5", "question_id": 7, "name": "pre", "type": "IMI", "item": "7", "answer": "2"}}, {"model": "website.questionnairesubmission", "pk": 2738, "fields": {"submission": 138, "session": "rwgp024w0c26wysfsothqg7ti5rzeiq5", "question_id": 8, "name": "pre", "type": "IMI", "item": "8", "answer": "3"}}, {"model": "website.questionnairesubmission", "pk": 2739, "fields": {"submission": 138, "session": "rwgp024w0c26wysfsothqg7ti5rzeiq5", "question_id": 9, "name": "pre", "type": "IMI", "item": "9", "answer": "2"}}, {"model": "website.questionnairesubmission", "pk": 2740, "fields": {"submission": 138, "session": "rwgp024w0c26wysfsothqg7ti5rzeiq5", "question_id": 10, "name": "pre", "type": "IMI", "item": "10", "answer": "2"}}, {"model": "website.questionnairesubmission", "pk": 2741, "fields": {"submission": 138, "session": "rwgp024w0c26wysfsothqg7ti5rzeiq5", "question_id": 11, "name": "pre", "type": "IMI", "item": "11", "answer": "2"}}, {"model": "website.questionnairesubmission", "pk": 2742, "fields": {"submission": 138, "session": "rwgp024w0c26wysfsothqg7ti5rzeiq5", "question_id": 12, "name": "pre", "type": "IMI", "item": "12", "answer": "3"}}, {"model": "website.questionnairesubmission", "pk": 2743, "fields": {"submission": 138, "session": "rwgp024w0c26wysfsothqg7ti5rzeiq5", "question_id": 13, "name": "pre", "type": "IMI", "item": "13", "answer": "2"}}, {"model": "website.questionnairesubmission", "pk": 2744, "fields": {"submission": 138, "session": "rwgp024w0c26wysfsothqg7ti5rzeiq5", "question_id": 14, "name": "pre", "type": "IMI", "item": "14", "answer": "2"}}, {"model": "website.questionnairesubmission", "pk": 2745, "fields": {"submission": 138, "session": "rwgp024w0c26wysfsothqg7ti5rzeiq5", "question_id": 15, "name": "pre", "type": "IMI", "item": "15", "answer": "3"}}, {"model": "website.questionnairesubmission", "pk": 2746, "fields": {"submission": 138, "session": "rwgp024w0c26wysfsothqg7ti5rzeiq5", "question_id": 16, "name": "pre", "type": "IMI", "item": "16", "answer": "2"}}, {"model": "website.questionnairesubmission", "pk": 2747, "fields": {"submission": 138, "session": "rwgp024w0c26wysfsothqg7ti5rzeiq5", "question_id": 17, "name": "pre", "type": "IMI", "item": "17", "answer": "3"}}, {"model": "website.questionnairesubmission", "pk": 2748, "fields": {"submission": 138, "session": "rwgp024w0c26wysfsothqg7ti5rzeiq5", "question_id": 18, "name": "pre", "type": "IMI", "item": "18", "answer": "3"}}, {"model": "website.questionnairesubmission", "pk": 2749, "fields": {"submission": 138, "session": "rwgp024w0c26wysfsothqg7ti5rzeiq5", "question_id": 19, "name": "pre", "type": "IMI", "item": "19", "answer": "2"}}, {"model": "website.questionnairesubmission", "pk": 2750, "fields": {"submission": 138, "session": "rwgp024w0c26wysfsothqg7ti5rzeiq5", "question_id": 20, "name": "pre", "type": "IMI", "item": "20", "answer": "2"}}, {"model": "website.questionnairesubmission", "pk": 2751, "fields": {"submission": 138, "session": "rwgp024w0c26wysfsothqg7ti5rzeiq5", "question_id": 21, "name": "pre", "type": "IMI", "item": "21", "answer": "2"}}, {"model": "website.questionnairesubmission", "pk": 2752, "fields": {"submission": 138, "session": "rwgp024w0c26wysfsothqg7ti5rzeiq5", "question_id": 22, "name": "pre", "type": "IMI", "item": "22", "answer": "2"}}, {"model": "website.questionnairesubmission", "pk": 2753, "fields": {"submission": 138, "session": "rwgp024w0c26wysfsothqg7ti5rzeiq5", "question_id": 29, "name": "pre", "type": "PANAS", "item": "1", "answer": "3"}}, {"model": "website.questionnairesubmission", "pk": 2754, "fields": {"submission": 138, "session": "rwgp024w0c26wysfsothqg7ti5rzeiq5", "question_id": 30, "name": "pre", "type": "PANAS", "item": "2", "answer": "2"}}, {"model": "website.questionnairesubmission", "pk": 2755, "fields": {"submission": 138, "session": "rwgp024w0c26wysfsothqg7ti5rzeiq5", "question_id": 31, "name": "pre", "type": "PANAS", "item": "3", "answer": "2"}}, {"model": "website.questionnairesubmission", "pk": 2756, "fields": {"submission": 138, "session": "rwgp024w0c26wysfsothqg7ti5rzeiq5", "question_id": 32, "name": "pre", "type": "PANAS", "item": "4", "answer": "2"}}, {"model": "website.questionnairesubmission", "pk": 2757, "fields": {"submission": 138, "session": "rwgp024w0c26wysfsothqg7ti5rzeiq5", "question_id": 33, "name": "pre", "type": "PANAS", "item": "5", "answer": "3"}}, {"model": "website.questionnairesubmission", "pk": 2758, "fields": {"submission": 138, "session": "rwgp024w0c26wysfsothqg7ti5rzeiq5", "question_id": 34, "name": "pre", "type": "PANAS", "item": "6", "answer": "2"}}, {"model": "website.questionnairesubmission", "pk": 2759, "fields": {"submission": 138, "session": "rwgp024w0c26wysfsothqg7ti5rzeiq5", "question_id": 35, "name": "pre", "type": "PANAS", "item": "7", "answer": "2"}}, {"model": "website.questionnairesubmission", "pk": 2760, "fields": {"submission": 138, "session": "rwgp024w0c26wysfsothqg7ti5rzeiq5", "question_id": 36, "name": "pre", "type": "PANAS", "item": "8", "answer": "3"}}, {"model": "website.questionnairesubmission", "pk": 2761, "fields": {"submission": 138, "session": "rwgp024w0c26wysfsothqg7ti5rzeiq5", "question_id": 37, "name": "pre", "type": "PANAS", "item": "9", "answer": "2"}}, {"model": "website.questionnairesubmission", "pk": 2762, "fields": {"submission": 138, "session": "rwgp024w0c26wysfsothqg7ti5rzeiq5", "question_id": 38, "name": "pre", "type": "PANAS", "item": "10", "answer": "2"}}, {"model": "website.questionnairesubmission", "pk": 2763, "fields": {"submission": 138, "session": "rwgp024w0c26wysfsothqg7ti5rzeiq5", "question_id": 39, "name": "pre", "type": "PANAS", "item": "11", "answer": "2"}}, {"model": "website.questionnairesubmission", "pk": 2764, "fields": {"submission": 138, "session": "rwgp024w0c26wysfsothqg7ti5rzeiq5", "question_id": 40, "name": "pre", "type": "PANAS", "item": "12", "answer": "3"}}, {"model": "website.questionnairesubmission", "pk": 2765, "fields": {"submission": 138, "session": "rwgp024w0c26wysfsothqg7ti5rzeiq5", "question_id": 41, "name": "pre", "type": "PANAS", "item": "13", "answer": "2"}}, {"model": "website.questionnairesubmission", "pk": 2766, "fields": {"submission": 138, "session": "rwgp024w0c26wysfsothqg7ti5rzeiq5", "question_id": 42, "name": "pre", "type": "PANAS", "item": "14", "answer": "2"}}, {"model": "website.questionnairesubmission", "pk": 2767, "fields": {"submission": 138, "session": "rwgp024w0c26wysfsothqg7ti5rzeiq5", "question_id": 43, "name": "pre", "type": "PANAS", "item": "15", "answer": "2"}}, {"model": "website.questionnairesubmission", "pk": 2768, "fields": {"submission": 138, "session": "rwgp024w0c26wysfsothqg7ti5rzeiq5", "question_id": 44, "name": "pre", "type": "PANAS", "item": "16", "answer": "3"}}, {"model": "website.questionnairesubmission", "pk": 2769, "fields": {"submission": 138, "session": "rwgp024w0c26wysfsothqg7ti5rzeiq5", "question_id": 45, "name": "pre", "type": "PANAS", "item": "17", "answer": "2"}}, {"model": "website.questionnairesubmission", "pk": 2770, "fields": {"submission": 138, "session": "rwgp024w0c26wysfsothqg7ti5rzeiq5", "question_id": 46, "name": "pre", "type": "PANAS", "item": "18", "answer": "2"}}, {"model": "website.questionnairesubmission", "pk": 2771, "fields": {"submission": 138, "session": "rwgp024w0c26wysfsothqg7ti5rzeiq5", "question_id": 47, "name": "pre", "type": "PANAS", "item": "19", "answer": "2"}}, {"model": "website.questionnairesubmission", "pk": 2772, "fields": {"submission": 138, "session": "rwgp024w0c26wysfsothqg7ti5rzeiq5", "question_id": 48, "name": "pre", "type": "PANAS", "item": "20", "answer": "2"}}, {"model": "website.questionnairesubmission", "pk": 2773, "fields": {"submission": 138, "session": "rwgp024w0c26wysfsothqg7ti5rzeiq5", "question_id": 1, "name": "main", "type": "IMI", "item": "1", "answer": "2"}}, {"model": "website.questionnairesubmission", "pk": 2774, "fields": {"submission": 138, "session": "rwgp024w0c26wysfsothqg7ti5rzeiq5", "question_id": 2, "name": "main", "type": "IMI", "item": "2", "answer": "3"}}, {"model": "website.questionnairesubmission", "pk": 2775, "fields": {"submission": 138, "session": "rwgp024w0c26wysfsothqg7ti5rzeiq5", "question_id": 3, "name": "main", "type": "IMI", "item": "3", "answer": "2"}}, {"model": "website.questionnairesubmission", "pk": 2776, "fields": {"submission": 138, "session": "rwgp024w0c26wysfsothqg7ti5rzeiq5", "question_id": 4, "name": "main", "type": "IMI", "item": "4", "answer": "2"}}, {"model": "website.questionnairesubmission", "pk": 2777, "fields": {"submission": 138, "session": "rwgp024w0c26wysfsothqg7ti5rzeiq5", "question_id": 5, "name": "main", "type": "IMI", "item": "5", "answer": "2"}}, {"model": "website.questionnairesubmission", "pk": 2778, "fields": {"submission": 138, "session": "rwgp024w0c26wysfsothqg7ti5rzeiq5", "question_id": 6, "name": "main", "type": "IMI", "item": "6", "answer": "3"}}, {"model": "website.questionnairesubmission", "pk": 2779, "fields": {"submission": 138, "session": "rwgp024w0c26wysfsothqg7ti5rzeiq5", "question_id": 7, "name": "main", "type": "IMI", "item": "7", "answer": "2"}}, {"model": "website.questionnairesubmission", "pk": 2780, "fields": {"submission": 138, "session": "rwgp024w0c26wysfsothqg7ti5rzeiq5", "question_id": 8, "name": "main", "type": "IMI", "item": "8", "answer": "2"}}, {"model": "website.questionnairesubmission", "pk": 2781, "fields": {"submission": 138, "session": "rwgp024w0c26wysfsothqg7ti5rzeiq5", "question_id": 9, "name": "main", "type": "IMI", "item": "9", "answer": "2"}}, {"model": "website.questionnairesubmission", "pk": 2782, "fields": {"submission": 138, "session": "rwgp024w0c26wysfsothqg7ti5rzeiq5", "question_id": 10, "name": "main", "type": "IMI", "item": "10", "answer": "3"}}, {"model": "website.questionnairesubmission", "pk": 2783, "fields": {"submission": 138, "session": "rwgp024w0c26wysfsothqg7ti5rzeiq5", "question_id": 11, "name": "main", "type": "IMI", "item": "11", "answer": "2"}}, {"model": "website.questionnairesubmission", "pk": 2784, "fields": {"submission": 138, "session": "rwgp024w0c26wysfsothqg7ti5rzeiq5", "question_id": 12, "name": "main", "type": "IMI", "item": "12", "answer": "2"}}, {"model": "website.questionnairesubmission", "pk": 2785, "fields": {"submission": 138, "session": "rwgp024w0c26wysfsothqg7ti5rzeiq5", "question_id": 13, "name": "main", "type": "IMI", "item": "13", "answer": "3"}}, {"model": "website.questionnairesubmission", "pk": 2786, "fields": {"submission": 138, "session": "rwgp024w0c26wysfsothqg7ti5rzeiq5", "question_id": 14, "name": "main", "type": "IMI", "item": "14", "answer": "2"}}, {"model": "website.questionnairesubmission", "pk": 2787, "fields": {"submission": 138, "session": "rwgp024w0c26wysfsothqg7ti5rzeiq5", "question_id": 15, "name": "main", "type": "IMI", "item": "15", "answer": "2"}}, {"model": "website.questionnairesubmission", "pk": 2788, "fields": {"submission": 138, "session": "rwgp024w0c26wysfsothqg7ti5rzeiq5", "question_id": 16, "name": "main", "type": "IMI", "item": "16", "answer": "2"}}, {"model": "website.questionnairesubmission", "pk": 2789, "fields": {"submission": 138, "session": "rwgp024w0c26wysfsothqg7ti5rzeiq5", "question_id": 17, "name": "main", "type": "IMI", "item": "17", "answer": "2"}}, {"model": "website.questionnairesubmission", "pk": 2790, "fields": {"submission": 138, "session": "rwgp024w0c26wysfsothqg7ti5rzeiq5", "question_id": 18, "name": "main", "type": "IMI", "item": "18", "answer": "2"}}, {"model": "website.questionnairesubmission", "pk": 2791, "fields": {"submission": 138, "session": "rwgp024w0c26wysfsothqg7ti5rzeiq5", "question_id": 19, "name": "main", "type": "IMI", "item": "19", "answer": "2"}}, {"model": "website.questionnairesubmission", "pk": 2792, "fields": {"submission": 138, "session": "rwgp024w0c26wysfsothqg7ti5rzeiq5", "question_id": 20, "name": "main", "type": "IMI", "item": "20", "answer": "3"}}, {"model": "website.questionnairesubmission", "pk": 2793, "fields": {"submission": 138, "session": "rwgp024w0c26wysfsothqg7ti5rzeiq5", "question_id": 21, "name": "main", "type": "IMI", "item": "21", "answer": "2"}}, {"model": "website.questionnairesubmission", "pk": 2794, "fields": {"submission": 138, "session": "rwgp024w0c26wysfsothqg7ti5rzeiq5", "question_id": 22, "name": "main", "type": "IMI", "item": "22", "answer": "2"}}, {"model": "website.questionnairesubmission", "pk": 2795, "fields": {"submission": 138, "session": "rwgp024w0c26wysfsothqg7ti5rzeiq5", "question_id": 29, "name": "main", "type": "PANAS", "item": "1", "answer": "3"}}, {"model": "website.questionnairesubmission", "pk": 2796, "fields": {"submission": 138, "session": "rwgp024w0c26wysfsothqg7ti5rzeiq5", "question_id": 30, "name": "main", "type": "PANAS", "item": "2", "answer": "2"}}, {"model": "website.questionnairesubmission", "pk": 2797, "fields": {"submission": 138, "session": "rwgp024w0c26wysfsothqg7ti5rzeiq5", "question_id": 31, "name": "main", "type": "PANAS", "item": "3", "answer": "2"}}, {"model": "website.questionnairesubmission", "pk": 2798, "fields": {"submission": 138, "session": "rwgp024w0c26wysfsothqg7ti5rzeiq5", "question_id": 32, "name": "main", "type": "PANAS", "item": "4", "answer": "2"}}, {"model": "website.questionnairesubmission", "pk": 2799, "fields": {"submission": 138, "session": "rwgp024w0c26wysfsothqg7ti5rzeiq5", "question_id": 33, "name": "main", "type": "PANAS", "item": "5", "answer": "2"}}, {"model": "website.questionnairesubmission", "pk": 2800, "fields": {"submission": 138, "session": "rwgp024w0c26wysfsothqg7ti5rzeiq5", "question_id": 34, "name": "main", "type": "PANAS", "item": "6", "answer": "2"}}, {"model": "website.questionnairesubmission", "pk": 2801, "fields": {"submission": 138, "session": "rwgp024w0c26wysfsothqg7ti5rzeiq5", "question_id": 35, "name": "main", "type": "PANAS", "item": "7", "answer": "3"}}, {"model": "website.questionnairesubmission", "pk": 2802, "fields": {"submission": 138, "session": "rwgp024w0c26wysfsothqg7ti5rzeiq5", "question_id": 36, "name": "main", "type": "PANAS", "item": "8", "answer": "2"}}, {"model": "website.questionnairesubmission", "pk": 2803, "fields": {"submission": 138, "session": "rwgp024w0c26wysfsothqg7ti5rzeiq5", "question_id": 37, "name": "main", "type": "PANAS", "item": "9", "answer": "2"}}, {"model": "website.questionnairesubmission", "pk": 2804, "fields": {"submission": 138, "session": "rwgp024w0c26wysfsothqg7ti5rzeiq5", "question_id": 38, "name": "main", "type": "PANAS", "item": "10", "answer": "3"}}, {"model": "website.questionnairesubmission", "pk": 2805, "fields": {"submission": 138, "session": "rwgp024w0c26wysfsothqg7ti5rzeiq5", "question_id": 39, "name": "main", "type": "PANAS", "item": "11", "answer": "2"}}, {"model": "website.questionnairesubmission", "pk": 2806, "fields": {"submission": 138, "session": "rwgp024w0c26wysfsothqg7ti5rzeiq5", "question_id": 40, "name": "main", "type": "PANAS", "item": "12", "answer": "2"}}, {"model": "website.questionnairesubmission", "pk": 2807, "fields": {"submission": 138, "session": "rwgp024w0c26wysfsothqg7ti5rzeiq5", "question_id": 41, "name": "main", "type": "PANAS", "item": "13", "answer": "3"}}, {"model": "website.questionnairesubmission", "pk": 2808, "fields": {"submission": 138, "session": "rwgp024w0c26wysfsothqg7ti5rzeiq5", "question_id": 42, "name": "main", "type": "PANAS", "item": "14", "answer": "2"}}, {"model": "website.questionnairesubmission", "pk": 2809, "fields": {"submission": 138, "session": "rwgp024w0c26wysfsothqg7ti5rzeiq5", "question_id": 43, "name": "main", "type": "PANAS", "item": "15", "answer": "2"}}, {"model": "website.questionnairesubmission", "pk": 2810, "fields": {"submission": 138, "session": "rwgp024w0c26wysfsothqg7ti5rzeiq5", "question_id": 44, "name": "main", "type": "PANAS", "item": "16", "answer": "2"}}, {"model": "website.questionnairesubmission", "pk": 2811, "fields": {"submission": 138, "session": "rwgp024w0c26wysfsothqg7ti5rzeiq5", "question_id": 45, "name": "main", "type": "PANAS", "item": "17", "answer": "2"}}, {"model": "website.questionnairesubmission", "pk": 2812, "fields": {"submission": 138, "session": "rwgp024w0c26wysfsothqg7ti5rzeiq5", "question_id": 46, "name": "main", "type": "PANAS", "item": "18", "answer": "3"}}, {"model": "website.questionnairesubmission", "pk": 2813, "fields": {"submission": 138, "session": "rwgp024w0c26wysfsothqg7ti5rzeiq5", "question_id": 47, "name": "main", "type": "PANAS", "item": "19", "answer": "2"}}, {"model": "website.questionnairesubmission", "pk": 2814, "fields": {"submission": 138, "session": "rwgp024w0c26wysfsothqg7ti5rzeiq5", "question_id": 48, "name": "main", "type": "PANAS", "item": "20", "answer": "2"}}, {"model": "website.tasksubmission", "pk": 210, "fields": {"submission": 75, "session": "yzfb6afbomcja5z4hehsw9jvgr8gmuh1", "type": "p1", "item": "1", "task_id": 4, "answer": "None of these"}}, {"model": "website.tasksubmission", "pk": 211, "fields": {"submission": 75, "session": "yzfb6afbomcja5z4hehsw9jvgr8gmuh1", "type": "p1", "item": "2", "task_id": 8, "answer": "I"}}, {"model": "website.tasksubmission", "pk": 212, "fields": {"submission": 75, "session": "yzfb6afbomcja5z4hehsw9jvgr8gmuh1", "type": "p1", "item": "3", "task_id": 7, "answer": "V"}}, {"model": "website.tasksubmission", "pk": 213, "fields": {"submission": 75, "session": "yzfb6afbomcja5z4hehsw9jvgr8gmuh1", "type": "p1", "item": "4", "task_id": 2, "answer": "None of these"}}, {"model": "website.tasksubmission", "pk": 214, "fields": {"submission": 75, "session": "yzfb6afbomcja5z4hehsw9jvgr8gmuh1", "type": "p2", "item": "1", "task_id": 15, "answer": "B"}}, {"model": "website.tasksubmission", "pk": 215, "fields": {"submission": 75, "session": "yzfb6afbomcja5z4hehsw9jvgr8gmuh1", "type": "p2", "item": "2", "task_id": 9, "answer": "B"}}, {"model": "website.tasksubmission", "pk": 216, "fields": {"submission": 75, "session": "yzfb6afbomcja5z4hehsw9jvgr8gmuh1", "type": "p2", "item": "3", "task_id": 10, "answer": "None of these"}}, {"model": "website.tasksubmission", "pk": 217, "fields": {"submission": 75, "session": "yzfb6afbomcja5z4hehsw9jvgr8gmuh1", "type": "p2", "item": "4", "task_id": 16, "answer": "G"}}, {"model": "website.tasksubmission", "pk": 449, "fields": {"submission": 103, "session": "6nws7qf7j6y4dynjb03fyyqctrvwvs6a", "type": "p1", "item": "1", "task_id": 2, "answer": "None of these"}}, {"model": "website.tasksubmission", "pk": 450, "fields": {"submission": 103, "session": "6nws7qf7j6y4dynjb03fyyqctrvwvs6a", "type": "p1", "item": "2", "task_id": 16, "answer": "C"}}, {"model": "website.tasksubmission", "pk": 451, "fields": {"submission": 103, "session": "6nws7qf7j6y4dynjb03fyyqctrvwvs6a", "type": "p1", "item": "3", "task_id": 15, "answer": "G"}}, {"model": "website.tasksubmission", "pk": 452, "fields": {"submission": 103, "session": "6nws7qf7j6y4dynjb03fyyqctrvwvs6a", "type": "p1", "item": "4", "task_id": 6, "answer": "None of these"}}, {"model": "website.tasksubmission", "pk": 453, "fields": {"submission": 103, "session": "6nws7qf7j6y4dynjb03fyyqctrvwvs6a", "type": "p2", "item": "1", "task_id": 3, "answer": "None of these"}}, {"model": "website.tasksubmission", "pk": 454, "fields": {"submission": 103, "session": "6nws7qf7j6y4dynjb03fyyqctrvwvs6a", "type": "p2", "item": "2", "task_id": 11, "answer": "None of these"}}, {"model": "website.tasksubmission", "pk": 455, "fields": {"submission": 103, "session": "6nws7qf7j6y4dynjb03fyyqctrvwvs6a", "type": "p2", "item": "3", "task_id": 12, "answer": "None of these"}}, {"model": "website.tasksubmission", "pk": 456, "fields": {"submission": 103, "session": "6nws7qf7j6y4dynjb03fyyqctrvwvs6a", "type": "p2", "item": "4", "task_id": 7, "answer": "None of these"}}, {"model": "website.tasksubmission", "pk": 457, "fields": {"submission": 104, "session": "p0xazwhj1aclc1euwom0yjdv78tnuy66", "type": "p1", "item": "1", "task_id": 2, "answer": "Richard is as tall as Matt"}}, {"model": "website.tasksubmission", "pk": 458, "fields": {"submission": 104, "session": "p0xazwhj1aclc1euwom0yjdv78tnuy66", "type": "p1", "item": "2", "task_id": 11, "answer": "None of these"}}, {"model": "website.tasksubmission", "pk": 459, "fields": {"submission": 104, "session": "p0xazwhj1aclc1euwom0yjdv78tnuy66", "type": "p1", "item": "3", "task_id": 3, "answer": "44"}}, {"model": "website.tasksubmission", "pk": 460, "fields": {"submission": 104, "session": "p0xazwhj1aclc1euwom0yjdv78tnuy66", "type": "p1", "item": "4", "task_id": 14, "answer": "C"}}, {"model": "website.tasksubmission", "pk": 461, "fields": {"submission": 104, "session": "p0xazwhj1aclc1euwom0yjdv78tnuy66", "type": "p2", "item": "1", "task_id": 8, "answer": "I"}}, {"model": "website.tasksubmission", "pk": 462, "fields": {"submission": 104, "session": "p0xazwhj1aclc1euwom0yjdv78tnuy66", "type": "p2", "item": "2", "task_id": 16, "answer": "C"}}, {"model": "website.tasksubmission", "pk": 463, "fields": {"submission": 104, "session": "p0xazwhj1aclc1euwom0yjdv78tnuy66", "type": "p2", "item": "3", "task_id": 6, "answer": "None of these"}}, {"model": "website.tasksubmission", "pk": 464, "fields": {"submission": 104, "session": "p0xazwhj1aclc1euwom0yjdv78tnuy66", "type": "p2", "item": "4", "task_id": 9, "answer": "C"}}, {"model": "website.tasksubmission", "pk": 465, "fields": {"submission": 104, "session": "p0xazwhj1aclc1euwom0yjdv78tnuy66", "type": "m1", "item": "1", "task_id": 7, "answer": "V"}}, {"model": "website.tasksubmission", "pk": 466, "fields": {"submission": 104, "session": "p0xazwhj1aclc1euwom0yjdv78tnuy66", "type": "m1", "item": "2", "task_id": 12, "answer": "C"}}, {"model": "website.tasksubmission", "pk": 467, "fields": {"submission": 104, "session": "p0xazwhj1aclc1euwom0yjdv78tnuy66", "type": "m1", "item": "3", "task_id": 10, "answer": "C"}}, {"model": "website.tasksubmission", "pk": 468, "fields": {"submission": 104, "session": "p0xazwhj1aclc1euwom0yjdv78tnuy66", "type": "m1", "item": "4", "task_id": 13, "answer": "C"}}, {"model": "website.tasksubmission", "pk": 469, "fields": {"submission": 104, "session": "p0xazwhj1aclc1euwom0yjdv78tnuy66", "type": "m2", "item": "1", "task_id": 4, "answer": "None of these"}}, {"model": "website.tasksubmission", "pk": 470, "fields": {"submission": 104, "session": "p0xazwhj1aclc1euwom0yjdv78tnuy66", "type": "m2", "item": "2", "task_id": 5, "answer": "None of these"}}, {"model": "website.tasksubmission", "pk": 471, "fields": {"submission": 104, "session": "p0xazwhj1aclc1euwom0yjdv78tnuy66", "type": "m2", "item": "3", "task_id": 15, "answer": "G"}}, {"model": "website.tasksubmission", "pk": 472, "fields": {"submission": 104, "session": "p0xazwhj1aclc1euwom0yjdv78tnuy66", "type": "m2", "item": "4", "task_id": 1, "answer": "None of these"}}, {"model": "website.tasksubmission", "pk": 489, "fields": {"submission": 107, "session": "zsgnh0kekmr1xjw0j2fsi60yccz1g9z3", "type": "p1", "item": "1", "task_id": 13, "answer": "F"}}, {"model": "website.tasksubmission", "pk": 490, "fields": {"submission": 107, "session": "zsgnh0kekmr1xjw0j2fsi60yccz1g9z3", "type": "p1", "item": "2", "task_id": 1, "answer": "3"}}, {"model": "website.tasksubmission", "pk": 491, "fields": {"submission": 107, "session": "zsgnh0kekmr1xjw0j2fsi60yccz1g9z3", "type": "p1", "item": "3", "task_id": 2, "answer": "Zach is shorter than Matt"}}, {"model": "website.tasksubmission", "pk": 492, "fields": {"submission": 107, "session": "zsgnh0kekmr1xjw0j2fsi60yccz1g9z3", "type": "p1", "item": "4", "task_id": 6, "answer": "F"}}, {"model": "website.tasksubmission", "pk": 493, "fields": {"submission": 107, "session": "zsgnh0kekmr1xjw0j2fsi60yccz1g9z3", "type": "p2", "item": "1", "task_id": 11, "answer": "F"}}, {"model": "website.tasksubmission", "pk": 494, "fields": {"submission": 107, "session": "zsgnh0kekmr1xjw0j2fsi60yccz1g9z3", "type": "p2", "item": "2", "task_id": 9, "answer": "B"}}, {"model": "website.tasksubmission", "pk": 495, "fields": {"submission": 107, "session": "zsgnh0kekmr1xjw0j2fsi60yccz1g9z3", "type": "p2", "item": "3", "task_id": 8, "answer": "L"}}, {"model": "website.tasksubmission", "pk": 496, "fields": {"submission": 107, "session": "zsgnh0kekmr1xjw0j2fsi60yccz1g9z3", "type": "p2", "item": "4", "task_id": 15, "answer": "B"}}, {"model": "website.tasksubmission", "pk": 497, "fields": {"submission": 107, "session": "zsgnh0kekmr1xjw0j2fsi60yccz1g9z3", "type": "m1", "item": "1", "task_id": 3, "answer": "47"}}, {"model": "website.tasksubmission", "pk": 498, "fields": {"submission": 107, "session": "zsgnh0kekmr1xjw0j2fsi60yccz1g9z3", "type": "m1", "item": "2", "task_id": 12, "answer": "D"}}, {"model": "website.tasksubmission", "pk": 499, "fields": {"submission": 107, "session": "zsgnh0kekmr1xjw0j2fsi60yccz1g9z3", "type": "m1", "item": "3", "task_id": 4, "answer": "I don't know"}}, {"model": "website.tasksubmission", "pk": 500, "fields": {"submission": 107, "session": "zsgnh0kekmr1xjw0j2fsi60yccz1g9z3", "type": "m1", "item": "4", "task_id": 10, "answer": "D"}}, {"model": "website.tasksubmission", "pk": 501, "fields": {"submission": 107, "session": "zsgnh0kekmr1xjw0j2fsi60yccz1g9z3", "type": "m2", "item": "1", "task_id": 7, "answer": "X"}}, {"model": "website.tasksubmission", "pk": 502, "fields": {"submission": 107, "session": "zsgnh0kekmr1xjw0j2fsi60yccz1g9z3", "type": "m2", "item": "2", "task_id": 5, "answer": "U"}}, {"model": "website.tasksubmission", "pk": 503, "fields": {"submission": 107, "session": "zsgnh0kekmr1xjw0j2fsi60yccz1g9z3", "type": "m2", "item": "3", "task_id": 14, "answer": "C"}}, {"model": "website.tasksubmission", "pk": 504, "fields": {"submission": 107, "session": "zsgnh0kekmr1xjw0j2fsi60yccz1g9z3", "type": "m2", "item": "4", "task_id": 16, "answer": "C"}}, {"model": "website.tasksubmission", "pk": 521, "fields": {"submission": 109, "session": "l9pwoldov6d6p43hbwm0e48ut0o2cau4", "type": "p1", "item": "1", "task_id": 10, "answer": "B"}}, {"model": "website.tasksubmission", "pk": 522, "fields": {"submission": 109, "session": "l9pwoldov6d6p43hbwm0e48ut0o2cau4", "type": "p1", "item": "2", "task_id": 1, "answer": "3"}}, {"model": "website.tasksubmission", "pk": 523, "fields": {"submission": 109, "session": "l9pwoldov6d6p43hbwm0e48ut0o2cau4", "type": "p1", "item": "3", "task_id": 13, "answer": "F"}}, {"model": "website.tasksubmission", "pk": 524, "fields": {"submission": 109, "session": "l9pwoldov6d6p43hbwm0e48ut0o2cau4", "type": "p1", "item": "4", "task_id": 9, "answer": "B"}}, {"model": "website.tasksubmission", "pk": 525, "fields": {"submission": 109, "session": "l9pwoldov6d6p43hbwm0e48ut0o2cau4", "type": "p2", "item": "1", "task_id": 14, "answer": "C"}}, {"model": "website.tasksubmission", "pk": 526, "fields": {"submission": 109, "session": "l9pwoldov6d6p43hbwm0e48ut0o2cau4", "type": "p2", "item": "2", "task_id": 6, "answer": "F"}}, {"model": "website.tasksubmission", "pk": 527, "fields": {"submission": 109, "session": "l9pwoldov6d6p43hbwm0e48ut0o2cau4", "type": "p2", "item": "3", "task_id": 4, "answer": "Monday"}}, {"model": "website.tasksubmission", "pk": 528, "fields": {"submission": 109, "session": "l9pwoldov6d6p43hbwm0e48ut0o2cau4", "type": "p2", "item": "4", "task_id": 7, "answer": "V"}}, {"model": "website.tasksubmission", "pk": 617, "fields": {"submission": 129, "session": "rf4a750k0lr6r2l77n9f5jf60gqi9zre", "type": "p1", "item": "1", "task_id": 10, "answer": "C"}}, {"model": "website.tasksubmission", "pk": 618, "fields": {"submission": 129, "session": "rf4a750k0lr6r2l77n9f5jf60gqi9zre", "type": "p1", "item": "2", "task_id": 8, "answer": "H"}}, {"model": "website.tasksubmission", "pk": 619, "fields": {"submission": 129, "session": "rf4a750k0lr6r2l77n9f5jf60gqi9zre", "type": "p1", "item": "3", "task_id": 16, "answer": "C"}}, {"model": "website.tasksubmission", "pk": 620, "fields": {"submission": 129, "session": "rf4a750k0lr6r2l77n9f5jf60gqi9zre", "type": "p1", "item": "4", "task_id": 6, "answer": "F"}}, {"model": "website.tasksubmission", "pk": 621, "fields": {"submission": 129, "session": "rf4a750k0lr6r2l77n9f5jf60gqi9zre", "type": "p2", "item": "1", "task_id": 4, "answer": "Monday"}}, {"model": "website.tasksubmission", "pk": 622, "fields": {"submission": 129, "session": "rf4a750k0lr6r2l77n9f5jf60gqi9zre", "type": "p2", "item": "2", "task_id": 1, "answer": "3"}}, {"model": "website.tasksubmission", "pk": 623, "fields": {"submission": 129, "session": "rf4a750k0lr6r2l77n9f5jf60gqi9zre", "type": "p2", "item": "3", "task_id": 11, "answer": "B"}}, {"model": "website.tasksubmission", "pk": 624, "fields": {"submission": 129, "session": "rf4a750k0lr6r2l77n9f5jf60gqi9zre", "type": "p2", "item": "4", "task_id": 15, "answer": "C"}}, {"model": "website.tasksubmission", "pk": 625, "fields": {"submission": 129, "session": "rf4a750k0lr6r2l77n9f5jf60gqi9zre", "type": "m1", "item": "1", "task_id": 5, "answer": "V"}}, {"model": "website.tasksubmission", "pk": 626, "fields": {"submission": 129, "session": "rf4a750k0lr6r2l77n9f5jf60gqi9zre", "type": "m1", "item": "2", "task_id": 13, "answer": "B"}}, {"model": "website.tasksubmission", "pk": 627, "fields": {"submission": 129, "session": "rf4a750k0lr6r2l77n9f5jf60gqi9zre", "type": "m1", "item": "3", "task_id": 7, "answer": "U"}}, {"model": "website.tasksubmission", "pk": 628, "fields": {"submission": 129, "session": "rf4a750k0lr6r2l77n9f5jf60gqi9zre", "type": "m1", "item": "4", "task_id": 9, "answer": "E"}}, {"model": "website.tasksubmission", "pk": 629, "fields": {"submission": 129, "session": "rf4a750k0lr6r2l77n9f5jf60gqi9zre", "type": "m2", "item": "1", "task_id": 2, "answer": "It's impossible to tell"}}, {"model": "website.tasksubmission", "pk": 630, "fields": {"submission": 129, "session": "rf4a750k0lr6r2l77n9f5jf60gqi9zre", "type": "m2", "item": "2", "task_id": 3, "answer": "47"}}, {"model": "website.tasksubmission", "pk": 631, "fields": {"submission": 129, "session": "rf4a750k0lr6r2l77n9f5jf60gqi9zre", "type": "m2", "item": "3", "task_id": 12, "answer": "D"}}, {"model": "website.tasksubmission", "pk": 632, "fields": {"submission": 129, "session": "rf4a750k0lr6r2l77n9f5jf60gqi9zre", "type": "m2", "item": "4", "task_id": 14, "answer": "B"}}, {"model": "website.tasksubmission", "pk": 633, "fields": {"submission": 130, "session": "xtalv7s0cjd8eyvqixe44y4kyjn4zssi", "type": "p1", "item": "1", "task_id": 6, "answer": "G"}}, {"model": "website.tasksubmission", "pk": 634, "fields": {"submission": 130, "session": "xtalv7s0cjd8eyvqixe44y4kyjn4zssi", "type": "p1", "item": "2", "task_id": 16, "answer": "B"}}, {"model": "website.tasksubmission", "pk": 635, "fields": {"submission": 130, "session": "xtalv7s0cjd8eyvqixe44y4kyjn4zssi", "type": "p1", "item": "3", "task_id": 14, "answer": "B"}}, {"model": "website.tasksubmission", "pk": 636, "fields": {"submission": 130, "session": "xtalv7s0cjd8eyvqixe44y4kyjn4zssi", "type": "p1", "item": "4", "task_id": 2, "answer": "It's impossible to tell"}}, {"model": "website.tasksubmission", "pk": 637, "fields": {"submission": 130, "session": "xtalv7s0cjd8eyvqixe44y4kyjn4zssi", "type": "p2", "item": "1", "task_id": 11, "answer": "B"}}, {"model": "website.tasksubmission", "pk": 638, "fields": {"submission": 130, "session": "xtalv7s0cjd8eyvqixe44y4kyjn4zssi", "type": "p2", "item": "2", "task_id": 10, "answer": "B"}}, {"model": "website.tasksubmission", "pk": 639, "fields": {"submission": 130, "session": "xtalv7s0cjd8eyvqixe44y4kyjn4zssi", "type": "p2", "item": "3", "task_id": 3, "answer": "47"}}, {"model": "website.tasksubmission", "pk": 640, "fields": {"submission": 130, "session": "xtalv7s0cjd8eyvqixe44y4kyjn4zssi", "type": "p2", "item": "4", "task_id": 8, "answer": "N"}}, {"model": "website.tasksubmission", "pk": 641, "fields": {"submission": 130, "session": "xtalv7s0cjd8eyvqixe44y4kyjn4zssi", "type": "m1", "item": "1", "task_id": 5, "answer": "V"}}, {"model": "website.tasksubmission", "pk": 642, "fields": {"submission": 130, "session": "xtalv7s0cjd8eyvqixe44y4kyjn4zssi", "type": "m1", "item": "2", "task_id": 13, "answer": "B"}}, {"model": "website.tasksubmission", "pk": 643, "fields": {"submission": 130, "session": "xtalv7s0cjd8eyvqixe44y4kyjn4zssi", "type": "m1", "item": "3", "task_id": 12, "answer": "D"}}, {"model": "website.tasksubmission", "pk": 644, "fields": {"submission": 130, "session": "xtalv7s0cjd8eyvqixe44y4kyjn4zssi", "type": "m1", "item": "4", "task_id": 1, "answer": "5"}}, {"model": "website.tasksubmission", "pk": 645, "fields": {"submission": 130, "session": "xtalv7s0cjd8eyvqixe44y4kyjn4zssi", "type": "m2", "item": "1", "task_id": 7, "answer": "X"}}, {"model": "website.tasksubmission", "pk": 646, "fields": {"submission": 130, "session": "xtalv7s0cjd8eyvqixe44y4kyjn4zssi", "type": "m2", "item": "2", "task_id": 4, "answer": "Sunday"}}, {"model": "website.tasksubmission", "pk": 647, "fields": {"submission": 130, "session": "xtalv7s0cjd8eyvqixe44y4kyjn4zssi", "type": "m2", "item": "3", "task_id": 9, "answer": "E"}}, {"model": "website.tasksubmission", "pk": 648, "fields": {"submission": 130, "session": "xtalv7s0cjd8eyvqixe44y4kyjn4zssi", "type": "m2", "item": "4", "task_id": 15, "answer": "B"}}, {"model": "website.tasksubmission", "pk": 689, "fields": {"submission": 135, "session": "4i4nk9rl956aa1ino2mam09y1bcomii9", "type": "p1", "item": "1", "task_id": 7, "answer": "T"}}, {"model": "website.tasksubmission", "pk": 690, "fields": {"submission": 135, "session": "4i4nk9rl956aa1ino2mam09y1bcomii9", "type": "p1", "item": "2", "task_id": 5, "answer": "T"}}, {"model": "website.tasksubmission", "pk": 691, "fields": {"submission": 135, "session": "4i4nk9rl956aa1ino2mam09y1bcomii9", "type": "p1", "item": "3", "task_id": 2, "answer": "Richard is taller than Matt"}}, {"model": "website.tasksubmission", "pk": 692, "fields": {"submission": 135, "session": "4i4nk9rl956aa1ino2mam09y1bcomii9", "type": "p1", "item": "4", "task_id": 4, "answer": "None of these"}}, {"model": "website.tasksubmission", "pk": 693, "fields": {"submission": 135, "session": "4i4nk9rl956aa1ino2mam09y1bcomii9", "type": "p2", "item": "1", "task_id": 9, "answer": "B"}}, {"model": "website.tasksubmission", "pk": 694, "fields": {"submission": 135, "session": "4i4nk9rl956aa1ino2mam09y1bcomii9", "type": "p2", "item": "2", "task_id": 14, "answer": "B"}}, {"model": "website.tasksubmission", "pk": 695, "fields": {"submission": 135, "session": "4i4nk9rl956aa1ino2mam09y1bcomii9", "type": "p2", "item": "3", "task_id": 11, "answer": "B"}}, {"model": "website.tasksubmission", "pk": 696, "fields": {"submission": 135, "session": "4i4nk9rl956aa1ino2mam09y1bcomii9", "type": "p2", "item": "4", "task_id": 13, "answer": "C"}}, {"model": "website.tasksubmission", "pk": 697, "fields": {"submission": 135, "session": "4i4nk9rl956aa1ino2mam09y1bcomii9", "type": "m1", "item": "1", "task_id": 3, "answer": "44"}}, {"model": "website.tasksubmission", "pk": 698, "fields": {"submission": 135, "session": "4i4nk9rl956aa1ino2mam09y1bcomii9", "type": "m1", "item": "2", "task_id": 16, "answer": "B"}}, {"model": "website.tasksubmission", "pk": 699, "fields": {"submission": 135, "session": "4i4nk9rl956aa1ino2mam09y1bcomii9", "type": "m1", "item": "3", "task_id": 15, "answer": "C"}}, {"model": "website.tasksubmission", "pk": 700, "fields": {"submission": 135, "session": "4i4nk9rl956aa1ino2mam09y1bcomii9", "type": "m1", "item": "4", "task_id": 8, "answer": "H"}}, {"model": "website.tasksubmission", "pk": 701, "fields": {"submission": 135, "session": "4i4nk9rl956aa1ino2mam09y1bcomii9", "type": "m2", "item": "1", "task_id": 6, "answer": "G"}}, {"model": "website.tasksubmission", "pk": 702, "fields": {"submission": 135, "session": "4i4nk9rl956aa1ino2mam09y1bcomii9", "type": "m2", "item": "2", "task_id": 1, "answer": "3"}}, {"model": "website.tasksubmission", "pk": 703, "fields": {"submission": 135, "session": "4i4nk9rl956aa1ino2mam09y1bcomii9", "type": "m2", "item": "3", "task_id": 12, "answer": "C"}}, {"model": "website.tasksubmission", "pk": 704, "fields": {"submission": 135, "session": "4i4nk9rl956aa1ino2mam09y1bcomii9", "type": "m2", "item": "4", "task_id": 10, "answer": "B"}}, {"model": "website.tasksubmission", "pk": 737, "fields": {"submission": 138, "session": "rwgp024w0c26wysfsothqg7ti5rzeiq5", "type": "p1", "item": "1", "task_id": 9, "answer": "B"}}, {"model": "website.tasksubmission", "pk": 738, "fields": {"submission": 138, "session": "rwgp024w0c26wysfsothqg7ti5rzeiq5", "type": "p1", "item": "2", "task_id": 2, "answer": "Richard is shorter than Matt"}}, {"model": "website.tasksubmission", "pk": 739, "fields": {"submission": 138, "session": "rwgp024w0c26wysfsothqg7ti5rzeiq5", "type": "p1", "item": "3", "task_id": 16, "answer": "B"}}, {"model": "website.tasksubmission", "pk": 740, "fields": {"submission": 138, "session": "rwgp024w0c26wysfsothqg7ti5rzeiq5", "type": "p1", "item": "4", "task_id": 11, "answer": "B"}}, {"model": "website.tasksubmission", "pk": 741, "fields": {"submission": 138, "session": "rwgp024w0c26wysfsothqg7ti5rzeiq5", "type": "p2", "item": "1", "task_id": 4, "answer": "None of these"}}, {"model": "website.tasksubmission", "pk": 742, "fields": {"submission": 138, "session": "rwgp024w0c26wysfsothqg7ti5rzeiq5", "type": "p2", "item": "2", "task_id": 15, "answer": "F"}}, {"model": "website.tasksubmission", "pk": 743, "fields": {"submission": 138, "session": "rwgp024w0c26wysfsothqg7ti5rzeiq5", "type": "p2", "item": "3", "task_id": 8, "answer": "None of these"}}, {"model": "website.tasksubmission", "pk": 744, "fields": {"submission": 138, "session": "rwgp024w0c26wysfsothqg7ti5rzeiq5", "type": "p2", "item": "4", "task_id": 6, "answer": "None of these"}}, {"model": "website.tasksubmission", "pk": 745, "fields": {"submission": 138, "session": "rwgp024w0c26wysfsothqg7ti5rzeiq5", "type": "m1", "item": "1", "task_id": 3, "answer": "44"}}, {"model": "website.tasksubmission", "pk": 746, "fields": {"submission": 138, "session": "rwgp024w0c26wysfsothqg7ti5rzeiq5", "type": "m1", "item": "2", "task_id": 14, "answer": "F"}}, {"model": "website.tasksubmission", "pk": 747, "fields": {"submission": 138, "session": "rwgp024w0c26wysfsothqg7ti5rzeiq5", "type": "m1", "item": "3", "task_id": 7, "answer": "V"}}, {"model": "website.tasksubmission", "pk": 748, "fields": {"submission": 138, "session": "rwgp024w0c26wysfsothqg7ti5rzeiq5", "type": "m1", "item": "4", "task_id": 1, "answer": "3"}}, {"model": "website.tasksubmission", "pk": 749, "fields": {"submission": 138, "session": "rwgp024w0c26wysfsothqg7ti5rzeiq5", "type": "m2", "item": "1", "task_id": 13, "answer": "C"}}, {"model": "website.tasksubmission", "pk": 750, "fields": {"submission": 138, "session": "rwgp024w0c26wysfsothqg7ti5rzeiq5", "type": "m2", "item": "2", "task_id": 10, "answer": "B"}}, {"model": "website.tasksubmission", "pk": 751, "fields": {"submission": 138, "session": "rwgp024w0c26wysfsothqg7ti5rzeiq5", "type": "m2", "item": "3", "task_id": 12, "answer": "B"}}, {"model": "website.tasksubmission", "pk": 752, "fields": {"submission": 138, "session": "rwgp024w0c26wysfsothqg7ti5rzeiq5", "type": "m2", "item": "4", "task_id": 5, "answer": "U"}}, {"model": "website.taskscore", "pk": 11, "fields": {"submission": 103, "session": "6nws7qf7j6y4dynjb03fyyqctrvwvs6a", "score_pre": 0, "score_main": 0}}, {"model": "website.taskscore", "pk": 12, "fields": {"submission": 104, "session": "p0xazwhj1aclc1euwom0yjdv78tnuy66", "score_pre": 0, "score_main": 1}}, {"model": "website.taskscore", "pk": 14, "fields": {"submission": 107, "session": "zsgnh0kekmr1xjw0j2fsi60yccz1g9z3", "score_pre": 0, "score_main": 3}}, {"model": "website.taskscore", "pk": 15, "fields": {"submission": 108, "session": "4lpwd10dt8bc8taw1gkitykzz4tvaap0", "score_pre": 1, "score_main": 1}}, {"model": "website.taskscore", "pk": 16, "fields": {"submission": 109, "session": "l9pwoldov6d6p43hbwm0e48ut0o2cau4", "score_pre": 1, "score_main": 0}}, {"model": "website.taskscore", "pk": 23, "fields": {"submission": 129, "session": "rf4a750k0lr6r2l77n9f5jf60gqi9zre", "score_pre": 1, "score_main": 5}}, {"model": "website.taskscore", "pk": 24, "fields": {"submission": 130, "session": "xtalv7s0cjd8eyvqixe44y4kyjn4zssi", "score_pre": 7, "score_main": 5}}, {"model": "website.taskscore", "pk": 25, "fields": {"submission": 131, "session": "9uho2aes8w8xp6w1haxpekkusfetmp1c", "score_pre": 2, "score_main": 0}}, {"model": "website.taskscore", "pk": 28, "fields": {"submission": 134, "session": "sevpu3mtp4fru8ii8krsvorwakgx3xmy", "score_pre": 6, "score_main": 0}}, {"model": "website.taskscore", "pk": 29, "fields": {"submission": 135, "session": "4i4nk9rl956aa1ino2mam09y1bcomii9", "score_pre": 3, "score_main": 2}}, {"model": "website.taskscore", "pk": 30, "fields": {"submission": 136, "session": "7g0i1dzal16ta572qbx777up9mjo6dli", "score_pre": 0, "score_main": 1}}, {"model": "website.taskscore", "pk": 31, "fields": {"submission": 137, "session": "17a9qz3hdl1grv9i6n0iopfdj9xyx8a2", "score_pre": 1, "score_main": 1}}, {"model": "website.taskscore", "pk": 32, "fields": {"submission": 138, "session": "rwgp024w0c26wysfsothqg7ti5rzeiq5", "score_pre": 2, "score_main": 2}}, {"model": "website.taskscore", "pk": 33, "fields": {"submission": 139, "session": "3v6wmy1ql48yaix27b5m715t0ag0vs0h", "score_pre": 2, "score_main": 1}}]