[{"model": "website.study", "pk": 1, "fields": {"name": "CompetenceStudy"}}, {"model": "website.taskset", "pk": 1, "fields": {"name": "Letter and Number Series", "study": 1}}, {"model": "website.taskset", "pk": 2, "fields": {"name": "Verbal Reasoning", "study": 1}}, {"model": "website.taskset", "pk": 3, "fields": {"name": "Matrix Reasoning", "study": 1}}, {"model": "website.taskset", "pk": 4, "fields": {"name": "R3D3", "study": 1}}, {"model": "website.task", "pk": 1, "fields": {"description": "What number is one fifth of one fourth of one ninth of 900?", "text": "", "task_set": 2, "image_link": ""}}, {"model": "website.task", "pk": 2, "fields": {"description": "Zach is taller than Matt and Richard is shorter than Zach. Which of the following statements would be most accurate?", "text": "", "task_set": 2, "image_link": ""}}, {"model": "website.task", "pk": 3, "fields": {"description": "Joshua is 12 years old and his sister is three times as old as he. When Joshua is 23 years old, how old will his sister be?", "text": "", "task_set": 2, "image_link": ""}}, {"model": "website.task", "pk": 4, "fields": {"description": "If the day after tomorrow is two days before Thursday then what day is it today?", "text": "", "task_set": 2, "image_link": ""}}, {"model": "website.task", "pk": 5, "fields": {"description": "In the following alphanumeric series, what letter comes next? K N P S U", "text": "", "task_set": 1, "image_link": ""}}, {"model": "website.task", "pk": 6, "fields": {"description": "In the following alphanumeric series, what letter comes next? V Q M J H", "text": "", "task_set": 1, "image_link": ""}}, {"model": "website.task", "pk": 7, "fields": {"description": "In the following alphanumeric series, what letter comes next? I J L O S", "text": "", "task_set": 1, "image_link": ""}}, {"model": "website.task", "pk": 8, "fields": {"description": "In the following alphanumeric series, what letter comes next? Q S N P L", "text": "", "task_set": 1, "image_link": ""}}, {"model": "website.task", "pk": 9, "fields": {"description": "Please indicate which is the best answer to complete the figure below.", "text": "1", "task_set": 3, "image_link": "icar/MX1"}}, {"model": "website.task", "pk": 10, "fields": {"description": "Please indicate which is the best answer to complete the figure below.", "text": "2", "task_set": 3, "image_link": "icar/MX2"}}, {"model": "website.task", "pk": 11, "fields": {"description": "Please indicate which is the best answer to complete the figure below.", "text": "3", "task_set": 3, "image_link": "icar/MX3"}}, {"model": "website.task", "pk": 12, "fields": {"description": "Please indicate which is the best answer to complete the figure below.", "text": "4", "task_set": 3, "image_link": "icar/MX4"}}, {"model": "website.task", "pk": 13, "fields": {"description": "All the cubes below have a different image on each side. Select the choice that could represent a rotation of the cube labeled X.", "text": "1", "task_set": 4, "image_link": "icar/R3D31"}}, {"model": "website.task", "pk": 14, "fields": {"description": "All the cubes below have a different image on each side. Select the choice that could represent a rotation of the cube labeled X.", "text": "2", "task_set": 4, "image_link": "icar/R3D32"}}, {"model": "website.task", "pk": 15, "fields": {"description": "All the cubes below have a different image on each side. Select the choice that could represent a rotation of the cube labeled X.", "text": "3", "task_set": 4, "image_link": "icar/R3D33"}}, {"model": "website.task", "pk": 16, "fields": {"description": "All the cubes below have a different image on each side. Select the choice that could represent a rotation of the cube labeled X.", "text": "4", "task_set": 4, "image_link": "icar/R3D34"}}, {"model": "website.answerchoice", "pk": 1, "fields": {"text": "S", "answer": 5}}, {"model": "website.answerchoice", "pk": 2, "fields": {"text": "T", "answer": 5}}, {"model": "website.answerchoice", "pk": 3, "fields": {"text": "U", "answer": 5}}, {"model": "website.answerchoice", "pk": 4, "fields": {"text": "V", "answer": 5}}, {"model": "website.answerchoice", "pk": 5, "fields": {"text": "W", "answer": 5}}, {"model": "website.answerchoice", "pk": 6, "fields": {"text": "X", "answer": 5}}, {"model": "website.answerchoice", "pk": 7, "fields": {"text": "None of these", "answer": 5}}, {"model": "website.answerchoice", "pk": 8, "fields": {"text": "I don't know", "answer": 5}}, {"model": "website.answerchoice", "pk": 9, "fields": {"text": "E", "answer": 6}}, {"model": "website.answerchoice", "pk": 10, "fields": {"text": "F", "answer": 6}}, {"model": "website.answerchoice", "pk": 11, "fields": {"text": "G", "answer": 6}}, {"model": "website.answerchoice", "pk": 12, "fields": {"text": "H", "answer": 6}}, {"model": "website.answerchoice", "pk": 13, "fields": {"text": "I", "answer": 6}}, {"model": "website.answerchoice", "pk": 14, "fields": {"text": "J", "answer": 6}}, {"model": "website.answerchoice", "pk": 15, "fields": {"text": "None of these", "answer": 6}}, {"model": "website.answerchoice", "pk": 16, "fields": {"text": "I don't know", "answer": 6}}, {"model": "website.answerchoice", "pk": 17, "fields": {"text": "T", "answer": 7}}, {"model": "website.answerchoice", "pk": 18, "fields": {"text": "U", "answer": 7}}, {"model": "website.answerchoice", "pk": 19, "fields": {"text": "V", "answer": 7}}, {"model": "website.answerchoice", "pk": 21, "fields": {"text": "X", "answer": 7}}, {"model": "website.answerchoice", "pk": 22, "fields": {"text": "Y", "answer": 7}}, {"model": "website.answerchoice", "pk": 23, "fields": {"text": "Z", "answer": 7}}, {"model": "website.answerchoice", "pk": 24, "fields": {"text": "None of these", "answer": 7}}, {"model": "website.answerchoice", "pk": 25, "fields": {"text": "I don't know", "answer": 7}}, {"model": "website.answerchoice", "pk": 26, "fields": {"text": "J", "answer": 8}}, {"model": "website.answerchoice", "pk": 27, "fields": {"text": "H", "answer": 8}}, {"model": "website.answerchoice", "pk": 28, "fields": {"text": "I", "answer": 8}}, {"model": "website.answerchoice", "pk": 29, "fields": {"text": "N", "answer": 8}}, {"model": "website.answerchoice", "pk": 30, "fields": {"text": "M", "answer": 8}}, {"model": "website.answerchoice", "pk": 31, "fields": {"text": "L", "answer": 8}}, {"model": "website.answerchoice", "pk": 32, "fields": {"text": "None of these", "answer": 8}}, {"model": "website.answerchoice", "pk": 33, "fields": {"text": "I don't know", "answer": 8}}, {"model": "website.answerchoice", "pk": 34, "fields": {"text": "A", "answer": 9}}, {"model": "website.answerchoice", "pk": 35, "fields": {"text": "B", "answer": 9}}, {"model": "website.answerchoice", "pk": 36, "fields": {"text": "C", "answer": 9}}, {"model": "website.answerchoice", "pk": 37, "fields": {"text": "D", "answer": 9}}, {"model": "website.answerchoice", "pk": 38, "fields": {"text": "E", "answer": 9}}, {"model": "website.answerchoice", "pk": 39, "fields": {"text": "F", "answer": 9}}, {"model": "website.answerchoice", "pk": 40, "fields": {"text": "None of these", "answer": 9}}, {"model": "website.answerchoice", "pk": 41, "fields": {"text": "I don't know", "answer": 9}}, {"model": "website.answerchoice", "pk": 42, "fields": {"text": "A", "answer": 10}}, {"model": "website.answerchoice", "pk": 43, "fields": {"text": "B", "answer": 10}}, {"model": "website.answerchoice", "pk": 44, "fields": {"text": "C", "answer": 10}}, {"model": "website.answerchoice", "pk": 45, "fields": {"text": "D", "answer": 10}}, {"model": "website.answerchoice", "pk": 46, "fields": {"text": "E", "answer": 10}}, {"model": "website.answerchoice", "pk": 47, "fields": {"text": "F", "answer": 10}}, {"model": "website.answerchoice", "pk": 48, "fields": {"text": "None of these", "answer": 10}}, {"model": "website.answerchoice", "pk": 49, "fields": {"text": "I don't know", "answer": 10}}, {"model": "website.answerchoice", "pk": 50, "fields": {"text": "A", "answer": 11}}, {"model": "website.answerchoice", "pk": 51, "fields": {"text": "B", "answer": 11}}, {"model": "website.answerchoice", "pk": 52, "fields": {"text": "C", "answer": 11}}, {"model": "website.answerchoice", "pk": 53, "fields": {"text": "D", "answer": 11}}, {"model": "website.answerchoice", "pk": 54, "fields": {"text": "E", "answer": 11}}, {"model": "website.answerchoice", "pk": 55, "fields": {"text": "F", "answer": 11}}, {"model": "website.answerchoice", "pk": 56, "fields": {"text": "None of these", "answer": 11}}, {"model": "website.answerchoice", "pk": 57, "fields": {"text": "I don't know", "answer": 11}}, {"model": "website.answerchoice", "pk": 58, "fields": {"text": "A", "answer": 12}}, {"model": "website.answerchoice", "pk": 59, "fields": {"text": "B", "answer": 12}}, {"model": "website.answerchoice", "pk": 60, "fields": {"text": "C", "answer": 12}}, {"model": "website.answerchoice", "pk": 61, "fields": {"text": "D", "answer": 12}}, {"model": "website.answerchoice", "pk": 62, "fields": {"text": "E", "answer": 12}}, {"model": "website.answerchoice", "pk": 63, "fields": {"text": "F", "answer": 12}}, {"model": "website.answerchoice", "pk": 64, "fields": {"text": "None of these", "answer": 12}}, {"model": "website.answerchoice", "pk": 65, "fields": {"text": "I don't know", "answer": 12}}, {"model": "website.answerchoice", "pk": 66, "fields": {"text": "2", "answer": 1}}, {"model": "website.answerchoice", "pk": 67, "fields": {"text": "3", "answer": 1}}, {"model": "website.answerchoice", "pk": 68, "fields": {"text": "4", "answer": 1}}, {"model": "website.answerchoice", "pk": 69, "fields": {"text": "5", "answer": 1}}, {"model": "website.answerchoice", "pk": 70, "fields": {"text": "6", "answer": 1}}, {"model": "website.answerchoice", "pk": 71, "fields": {"text": "7", "answer": 1}}, {"model": "website.answerchoice", "pk": 72, "fields": {"text": "None of these", "answer": 1}}, {"model": "website.answerchoice", "pk": 73, "fields": {"text": "I don't know", "answer": 1}}, {"model": "website.answerchoice", "pk": 74, "fields": {"text": "Richard is taller than Matt", "answer": 2}}, {"model": "website.answerchoice", "pk": 75, "fields": {"text": "Richard is shorter than Matt", "answer": 2}}, {"model": "website.answerchoice", "pk": 76, "fields": {"text": "Richard is as tall as Matt", "answer": 2}}, {"model": "website.answerchoice", "pk": 77, "fields": {"text": "It's impossible to tell", "answer": 2}}, {"model": "website.answerchoice", "pk": 78, "fields": {"text": "Richard is taller than Zach", "answer": 2}}, {"model": "website.answerchoice", "pk": 79, "fields": {"text": "Zach is shorter than Matt", "answer": 2}}, {"model": "website.answerchoice", "pk": 80, "fields": {"text": "None of these", "answer": 2}}, {"model": "website.answerchoice", "pk": 81, "fields": {"text": "I don't know", "answer": 2}}, {"model": "website.answerchoice", "pk": 82, "fields": {"text": "35", "answer": 3}}, {"model": "website.answerchoice", "pk": 83, "fields": {"text": "39", "answer": 3}}, {"model": "website.answerchoice", "pk": 84, "fields": {"text": "44", "answer": 3}}, {"model": "website.answerchoice", "pk": 85, "fields": {"text": "47", "answer": 3}}, {"model": "website.answerchoice", "pk": 86, "fields": {"text": "53", "answer": 3}}, {"model": "website.answerchoice", "pk": 87, "fields": {"text": "57", "answer": 3}}, {"model": "website.answerchoice", "pk": 88, "fields": {"text": "None of these", "answer": 3}}, {"model": "website.answerchoice", "pk": 89, "fields": {"text": "I don't know", "answer": 3}}, {"model": "website.answerchoice", "pk": 90, "fields": {"text": "Friday", "answer": 4}}, {"model": "website.answerchoice", "pk": 91, "fields": {"text": "Monday", "answer": 4}}, {"model": "website.answerchoice", "pk": 92, "fields": {"text": "Wednesday", "answer": 4}}, {"model": "website.answerchoice", "pk": 93, "fields": {"text": "Saturday", "answer": 4}}, {"model": "website.answerchoice", "pk": 94, "fields": {"text": "Tuesday", "answer": 4}}, {"model": "website.answerchoice", "pk": 95, "fields": {"text": "Sunday", "answer": 4}}, {"model": "website.answerchoice", "pk": 96, "fields": {"text": "None of these", "answer": 4}}, {"model": "website.answerchoice", "pk": 97, "fields": {"text": "I don't know", "answer": 4}}, {"model": "website.answerchoice", "pk": 98, "fields": {"text": "A", "answer": 13}}, {"model": "website.answerchoice", "pk": 99, "fields": {"text": "B", "answer": 13}}, {"model": "website.answerchoice", "pk": 100, "fields": {"text": "C", "answer": 13}}, {"model": "website.answerchoice", "pk": 101, "fields": {"text": "D", "answer": 13}}, {"model": "website.answerchoice", "pk": 102, "fields": {"text": "E", "answer": 13}}, {"model": "website.answerchoice", "pk": 103, "fields": {"text": "F", "answer": 13}}, {"model": "website.answerchoice", "pk": 104, "fields": {"text": "G", "answer": 13}}, {"model": "website.answerchoice", "pk": 105, "fields": {"text": "H", "answer": 13}}, {"model": "website.answerchoice", "pk": 106, "fields": {"text": "A", "answer": 14}}, {"model": "website.answerchoice", "pk": 107, "fields": {"text": "B", "answer": 14}}, {"model": "website.answerchoice", "pk": 108, "fields": {"text": "C", "answer": 14}}, {"model": "website.answerchoice", "pk": 109, "fields": {"text": "D", "answer": 14}}, {"model": "website.answerchoice", "pk": 110, "fields": {"text": "E", "answer": 14}}, {"model": "website.answerchoice", "pk": 111, "fields": {"text": "F", "answer": 14}}, {"model": "website.answerchoice", "pk": 112, "fields": {"text": "G", "answer": 14}}, {"model": "website.answerchoice", "pk": 113, "fields": {"text": "H", "answer": 14}}, {"model": "website.answerchoice", "pk": 114, "fields": {"text": "A", "answer": 15}}, {"model": "website.answerchoice", "pk": 115, "fields": {"text": "B", "answer": 15}}, {"model": "website.answerchoice", "pk": 116, "fields": {"text": "C", "answer": 15}}, {"model": "website.answerchoice", "pk": 117, "fields": {"text": "D", "answer": 15}}, {"model": "website.answerchoice", "pk": 118, "fields": {"text": "E", "answer": 15}}, {"model": "website.answerchoice", "pk": 119, "fields": {"text": "F", "answer": 15}}, {"model": "website.answerchoice", "pk": 120, "fields": {"text": "G", "answer": 15}}, {"model": "website.answerchoice", "pk": 121, "fields": {"text": "H", "answer": 15}}, {"model": "website.answerchoice", "pk": 122, "fields": {"text": "A", "answer": 16}}, {"model": "website.answerchoice", "pk": 123, "fields": {"text": "B", "answer": 16}}, {"model": "website.answerchoice", "pk": 124, "fields": {"text": "C", "answer": 16}}, {"model": "website.answerchoice", "pk": 125, "fields": {"text": "D", "answer": 16}}, {"model": "website.answerchoice", "pk": 126, "fields": {"text": "E", "answer": 16}}, {"model": "website.answerchoice", "pk": 127, "fields": {"text": "F", "answer": 16}}, {"model": "website.answerchoice", "pk": 128, "fields": {"text": "G", "answer": 16}}, {"model": "website.answerchoice", "pk": 129, "fields": {"text": "H", "answer": 16}}, {"model": "website.questionnaire", "pk": 1, "fields": {"name": "Intrinsic Motivation Inventory", "study": 1}}, {"model": "website.questionnaire", "pk": 2, "fields": {"name": "Player Experience Inventory", "study": 1}}, {"model": "website.question", "pk": 1, "fields": {"text": "1. I enjoyed doing this task very much. It is an enjoyable activity.", "questionnaire": 1}}, {"model": "website.question", "pk": 2, "fields": {"text": "3. I think I am pretty good and pretty skilled at this activity.", "questionnaire": 1}}, {"model": "website.question", "pk": 3, "fields": {"text": "4. I think I did pretty well at this activity, compared to other students.", "questionnaire": 1}}, {"model": "website.question", "pk": 4, "fields": {"text": "Playing the game was meaningful to me.", "questionnaire": 2}}, {"model": "website.question", "pk": 5, "fields": {"text": "Playing this game was valuable to me.", "questionnaire": 2}}, {"model": "website.question", "pk": 6, "fields": {"text": "The game felt relevant to me.", "questionnaire": 2}}]