[{"model": "website.study", "pk": 1, "fields": {"name": "PreliminaryStudy"}}, {"model": "website.study", "pk": 2, "fields": {"name": "MainStudy"}}, {"model": "website.taskset", "pk": 1, "fields": {"name": "Letter and Number Series", "study": [1, 2]}}, {"model": "website.taskset", "pk": 2, "fields": {"name": "Verbal Reasoning", "study": [1, 2]}}, {"model": "website.taskset", "pk": 3, "fields": {"name": "Matrix Reasoning", "study": [1, 2]}}, {"model": "website.taskset", "pk": 4, "fields": {"name": "Three-Dimensional Rotation", "study": [1, 2]}}, {"model": "website.task", "pk": 1, "fields": {"description": "What number is one fifth of one fourth of one ninth of 900?", "details": "", "item": "VR4", "task_set": 2, "image_link": ""}}, {"model": "website.task", "pk": 2, "fields": {"description": "Zach is taller than Matt and Richard is shorter than Zach. Which of the following statements would be most accurate?", "details": "", "item": "VR16", "task_set": 2, "image_link": ""}}, {"model": "website.task", "pk": 3, "fields": {"description": "Joshua is 12 years old and his sister is three times as old as he. When Joshua is 23 years old, how old will his sister be?", "details": "", "item": "VR17", "task_set": 2, "image_link": ""}}, {"model": "website.task", "pk": 4, "fields": {"description": "If the day after tomorrow is two days before Thursday then what day is it today?", "details": "", "item": "VR19", "task_set": 2, "image_link": ""}}, {"model": "website.task", "pk": 5, "fields": {"description": "In the following alphanumeric series, what letter comes next?", "details": "K N P S U", "item": "LN7", "task_set": 1, "image_link": ""}}, {"model": "website.task", "pk": 6, "fields": {"description": "In the following alphanumeric series, what letter comes next?", "details": "V Q M J H", "item": "LN33", "task_set": 1, "image_link": ""}}, {"model": "website.task", "pk": 7, "fields": {"description": "In the following alphanumeric series, what letter comes next?", "details": "I J L O S", "item": "LN34", "task_set": 1, "image_link": ""}}, {"model": "website.task", "pk": 8, "fields": {"description": "In the following alphanumeric series, what letter comes next?", "details": "Q S N P L", "item": "LN58", "task_set": 1, "image_link": ""}}, {"model": "website.task", "pk": 9, "fields": {"description": "Please indicate which is the best answer to complete the figure below.", "details": "", "item": "MX45", "task_set": 3, "image_link": "icar/MX1.jpg"}}, {"model": "website.task", "pk": 10, "fields": {"description": "Please indicate which is the best answer to complete the figure below.", "details": "", "item": "MX46", "task_set": 3, "image_link": "icar/MX2.jpg"}}, {"model": "website.task", "pk": 11, "fields": {"description": "Please indicate which is the best answer to complete the figure below.", "details": "", "item": "MX47", "task_set": 3, "image_link": "icar/MX3.jpg"}}, {"model": "website.task", "pk": 12, "fields": {"description": "Please indicate which is the best answer to complete the figure below.", "details": "", "item": "MX55", "task_set": 3, "image_link": "icar/MX4.jpg"}}, {"model": "website.task", "pk": 13, "fields": {"description": "All the cubes below have a different image on each side. Select the choice that could represent a rotation of the cube labeled X.", "details": "", "item": "R3D3", "task_set": 4, "image_link": "icar/R3D1.png"}}, {"model": "website.task", "pk": 14, "fields": {"description": "All the cubes below have a different image on each side. Select the choice that could represent a rotation of the cube labeled X.", "details": "", "item": "R3D4", "task_set": 4, "image_link": "icar/R3D2.png"}}, {"model": "website.task", "pk": 15, "fields": {"description": "All the cubes below have a different image on each side. Select the choice that could represent a rotation of the cube labeled X.", "details": "", "item": "R3D6", "task_set": 4, "image_link": "icar/R3D3.png"}}, {"model": "website.task", "pk": 16, "fields": {"description": "All the cubes below have a different image on each side. Select the choice that could represent a rotation of the cube labeled X.", "details": "", "item": "R3D8", "task_set": 4, "image_link": "icar/R3D4.png"}}, {"model": "website.answerchoice", "pk": 1, "fields": {"text": "S", "task": 5}}, {"model": "website.answerchoice", "pk": 2, "fields": {"text": "T", "task": 5}}, {"model": "website.answerchoice", "pk": 3, "fields": {"text": "U", "task": 5}}, {"model": "website.answerchoice", "pk": 4, "fields": {"text": "V", "task": 5}}, {"model": "website.answerchoice", "pk": 5, "fields": {"text": "W", "task": 5}}, {"model": "website.answerchoice", "pk": 6, "fields": {"text": "X", "task": 5}}, {"model": "website.answerchoice", "pk": 7, "fields": {"text": "None of these", "task": 5}}, {"model": "website.answerchoice", "pk": 8, "fields": {"text": "I don't know", "task": 5}}, {"model": "website.answerchoice", "pk": 9, "fields": {"text": "E", "task": 6}}, {"model": "website.answerchoice", "pk": 10, "fields": {"text": "F", "task": 6}}, {"model": "website.answerchoice", "pk": 11, "fields": {"text": "G", "task": 6}}, {"model": "website.answerchoice", "pk": 12, "fields": {"text": "H", "task": 6}}, {"model": "website.answerchoice", "pk": 13, "fields": {"text": "I", "task": 6}}, {"model": "website.answerchoice", "pk": 14, "fields": {"text": "J", "task": 6}}, {"model": "website.answerchoice", "pk": 15, "fields": {"text": "None of these", "task": 6}}, {"model": "website.answerchoice", "pk": 16, "fields": {"text": "I don't know", "task": 6}}, {"model": "website.answerchoice", "pk": 17, "fields": {"text": "T", "task": 7}}, {"model": "website.answerchoice", "pk": 18, "fields": {"text": "U", "task": 7}}, {"model": "website.answerchoice", "pk": 19, "fields": {"text": "V", "task": 7}}, {"model": "website.answerchoice", "pk": 21, "fields": {"text": "X", "task": 7}}, {"model": "website.answerchoice", "pk": 22, "fields": {"text": "Y", "task": 7}}, {"model": "website.answerchoice", "pk": 23, "fields": {"text": "Z", "task": 7}}, {"model": "website.answerchoice", "pk": 24, "fields": {"text": "None of these", "task": 7}}, {"model": "website.answerchoice", "pk": 25, "fields": {"text": "I don't know", "task": 7}}, {"model": "website.answerchoice", "pk": 26, "fields": {"text": "J", "task": 8}}, {"model": "website.answerchoice", "pk": 27, "fields": {"text": "H", "task": 8}}, {"model": "website.answerchoice", "pk": 28, "fields": {"text": "I", "task": 8}}, {"model": "website.answerchoice", "pk": 29, "fields": {"text": "N", "task": 8}}, {"model": "website.answerchoice", "pk": 30, "fields": {"text": "M", "task": 8}}, {"model": "website.answerchoice", "pk": 31, "fields": {"text": "L", "task": 8}}, {"model": "website.answerchoice", "pk": 32, "fields": {"text": "None of these", "task": 8}}, {"model": "website.answerchoice", "pk": 33, "fields": {"text": "I don't know", "task": 8}}, {"model": "website.answerchoice", "pk": 34, "fields": {"text": "A", "task": 9}}, {"model": "website.answerchoice", "pk": 35, "fields": {"text": "B", "task": 9}}, {"model": "website.answerchoice", "pk": 36, "fields": {"text": "C", "task": 9}}, {"model": "website.answerchoice", "pk": 37, "fields": {"text": "D", "task": 9}}, {"model": "website.answerchoice", "pk": 38, "fields": {"text": "E", "task": 9}}, {"model": "website.answerchoice", "pk": 39, "fields": {"text": "F", "task": 9}}, {"model": "website.answerchoice", "pk": 40, "fields": {"text": "None of these", "task": 9}}, {"model": "website.answerchoice", "pk": 41, "fields": {"text": "I don't know", "task": 9}}, {"model": "website.answerchoice", "pk": 42, "fields": {"text": "A", "task": 10}}, {"model": "website.answerchoice", "pk": 43, "fields": {"text": "B", "task": 10}}, {"model": "website.answerchoice", "pk": 44, "fields": {"text": "C", "task": 10}}, {"model": "website.answerchoice", "pk": 45, "fields": {"text": "D", "task": 10}}, {"model": "website.answerchoice", "pk": 46, "fields": {"text": "E", "task": 10}}, {"model": "website.answerchoice", "pk": 47, "fields": {"text": "F", "task": 10}}, {"model": "website.answerchoice", "pk": 48, "fields": {"text": "None of these", "task": 10}}, {"model": "website.answerchoice", "pk": 49, "fields": {"text": "I don't know", "task": 10}}, {"model": "website.answerchoice", "pk": 50, "fields": {"text": "A", "task": 11}}, {"model": "website.answerchoice", "pk": 51, "fields": {"text": "B", "task": 11}}, {"model": "website.answerchoice", "pk": 52, "fields": {"text": "C", "task": 11}}, {"model": "website.answerchoice", "pk": 53, "fields": {"text": "D", "task": 11}}, {"model": "website.answerchoice", "pk": 54, "fields": {"text": "E", "task": 11}}, {"model": "website.answerchoice", "pk": 55, "fields": {"text": "F", "task": 11}}, {"model": "website.answerchoice", "pk": 56, "fields": {"text": "None of these", "task": 11}}, {"model": "website.answerchoice", "pk": 57, "fields": {"text": "I don't know", "task": 11}}, {"model": "website.answerchoice", "pk": 58, "fields": {"text": "A", "task": 12}}, {"model": "website.answerchoice", "pk": 59, "fields": {"text": "B", "task": 12}}, {"model": "website.answerchoice", "pk": 60, "fields": {"text": "C", "task": 12}}, {"model": "website.answerchoice", "pk": 61, "fields": {"text": "D", "task": 12}}, {"model": "website.answerchoice", "pk": 62, "fields": {"text": "E", "task": 12}}, {"model": "website.answerchoice", "pk": 63, "fields": {"text": "F", "task": 12}}, {"model": "website.answerchoice", "pk": 64, "fields": {"text": "None of these", "task": 12}}, {"model": "website.answerchoice", "pk": 65, "fields": {"text": "I don't know", "task": 12}}, {"model": "website.answerchoice", "pk": 66, "fields": {"text": "2", "task": 1}}, {"model": "website.answerchoice", "pk": 67, "fields": {"text": "3", "task": 1}}, {"model": "website.answerchoice", "pk": 68, "fields": {"text": "4", "task": 1}}, {"model": "website.answerchoice", "pk": 69, "fields": {"text": "5", "task": 1}}, {"model": "website.answerchoice", "pk": 70, "fields": {"text": "6", "task": 1}}, {"model": "website.answerchoice", "pk": 71, "fields": {"text": "7", "task": 1}}, {"model": "website.answerchoice", "pk": 72, "fields": {"text": "None of these", "task": 1}}, {"model": "website.answerchoice", "pk": 73, "fields": {"text": "I don't know", "task": 1}}, {"model": "website.answerchoice", "pk": 74, "fields": {"text": "Richard is taller than Matt", "task": 2}}, {"model": "website.answerchoice", "pk": 75, "fields": {"text": "Richard is shorter than Matt", "task": 2}}, {"model": "website.answerchoice", "pk": 76, "fields": {"text": "Richard is as tall as Matt", "task": 2}}, {"model": "website.answerchoice", "pk": 77, "fields": {"text": "It's impossible to tell", "task": 2}}, {"model": "website.answerchoice", "pk": 78, "fields": {"text": "Richard is taller than Zach", "task": 2}}, {"model": "website.answerchoice", "pk": 79, "fields": {"text": "Zach is shorter than Matt", "task": 2}}, {"model": "website.answerchoice", "pk": 80, "fields": {"text": "None of these", "task": 2}}, {"model": "website.answerchoice", "pk": 81, "fields": {"text": "I don't know", "task": 2}}, {"model": "website.answerchoice", "pk": 82, "fields": {"text": "35", "task": 3}}, {"model": "website.answerchoice", "pk": 83, "fields": {"text": "39", "task": 3}}, {"model": "website.answerchoice", "pk": 84, "fields": {"text": "44", "task": 3}}, {"model": "website.answerchoice", "pk": 85, "fields": {"text": "47", "task": 3}}, {"model": "website.answerchoice", "pk": 86, "fields": {"text": "53", "task": 3}}, {"model": "website.answerchoice", "pk": 87, "fields": {"text": "57", "task": 3}}, {"model": "website.answerchoice", "pk": 88, "fields": {"text": "None of these", "task": 3}}, {"model": "website.answerchoice", "pk": 89, "fields": {"text": "I don't know", "task": 3}}, {"model": "website.answerchoice", "pk": 90, "fields": {"text": "Friday", "task": 4}}, {"model": "website.answerchoice", "pk": 91, "fields": {"text": "Monday", "task": 4}}, {"model": "website.answerchoice", "pk": 92, "fields": {"text": "Wednesday", "task": 4}}, {"model": "website.answerchoice", "pk": 93, "fields": {"text": "Saturday", "task": 4}}, {"model": "website.answerchoice", "pk": 94, "fields": {"text": "Tuesday", "task": 4}}, {"model": "website.answerchoice", "pk": 95, "fields": {"text": "Sunday", "task": 4}}, {"model": "website.answerchoice", "pk": 96, "fields": {"text": "None of these", "task": 4}}, {"model": "website.answerchoice", "pk": 97, "fields": {"text": "I don't know", "task": 4}}, {"model": "website.answerchoice", "pk": 98, "fields": {"text": "A", "task": 13}}, {"model": "website.answerchoice", "pk": 99, "fields": {"text": "B", "task": 13}}, {"model": "website.answerchoice", "pk": 100, "fields": {"text": "C", "task": 13}}, {"model": "website.answerchoice", "pk": 101, "fields": {"text": "D", "task": 13}}, {"model": "website.answerchoice", "pk": 102, "fields": {"text": "E", "task": 13}}, {"model": "website.answerchoice", "pk": 103, "fields": {"text": "F", "task": 13}}, {"model": "website.answerchoice", "pk": 104, "fields": {"text": "G", "task": 13}}, {"model": "website.answerchoice", "pk": 105, "fields": {"text": "H", "task": 13}}, {"model": "website.answerchoice", "pk": 106, "fields": {"text": "A", "task": 14}}, {"model": "website.answerchoice", "pk": 107, "fields": {"text": "B", "task": 14}}, {"model": "website.answerchoice", "pk": 108, "fields": {"text": "C", "task": 14}}, {"model": "website.answerchoice", "pk": 109, "fields": {"text": "D", "task": 14}}, {"model": "website.answerchoice", "pk": 110, "fields": {"text": "E", "task": 14}}, {"model": "website.answerchoice", "pk": 111, "fields": {"text": "F", "task": 14}}, {"model": "website.answerchoice", "pk": 112, "fields": {"text": "G", "task": 14}}, {"model": "website.answerchoice", "pk": 113, "fields": {"text": "H", "task": 14}}, {"model": "website.answerchoice", "pk": 114, "fields": {"text": "A", "task": 15}}, {"model": "website.answerchoice", "pk": 115, "fields": {"text": "B", "task": 15}}, {"model": "website.answerchoice", "pk": 116, "fields": {"text": "C", "task": 15}}, {"model": "website.answerchoice", "pk": 117, "fields": {"text": "D", "task": 15}}, {"model": "website.answerchoice", "pk": 118, "fields": {"text": "E", "task": 15}}, {"model": "website.answerchoice", "pk": 119, "fields": {"text": "F", "task": 15}}, {"model": "website.answerchoice", "pk": 120, "fields": {"text": "G", "task": 15}}, {"model": "website.answerchoice", "pk": 121, "fields": {"text": "H", "task": 15}}, {"model": "website.answerchoice", "pk": 122, "fields": {"text": "A", "task": 16}}, {"model": "website.answerchoice", "pk": 123, "fields": {"text": "B", "task": 16}}, {"model": "website.answerchoice", "pk": 124, "fields": {"text": "C", "task": 16}}, {"model": "website.answerchoice", "pk": 125, "fields": {"text": "D", "task": 16}}, {"model": "website.answerchoice", "pk": 126, "fields": {"text": "E", "task": 16}}, {"model": "website.answerchoice", "pk": 127, "fields": {"text": "F", "task": 16}}, {"model": "website.answerchoice", "pk": 128, "fields": {"text": "G", "task": 16}}, {"model": "website.answerchoice", "pk": 129, "fields": {"text": "H", "task": 16}}, {"model": "website.questionnaire", "pk": 1, "fields": {"name": "Intrinsic Motivation Inventory", "study": [1, 2]}}, {"model": "website.questionnaire", "pk": 2, "fields": {"name": "Player Experience Inventory", "study": [2]}}, {"model": "website.question", "pk": 7, "fields": {"text": "I think I am pretty good at this activity.", "questionnaire": 1}}, {"model": "website.question", "pk": 8, "fields": {"text": "I think I did pretty well at this activity, compared to other participants.", "questionnaire": 1}}, {"model": "website.question", "pk": 9, "fields": {"text": "After working at this activity for awhile, I felt pretty competent.", "questionnaire": 1}}, {"model": "website.question", "pk": 10, "fields": {"text": "I am satisfied with my performance at this task.", "questionnaire": 1}}, {"model": "website.question", "pk": 11, "fields": {"text": "I was pretty skilled at this activity.", "questionnaire": 1}}, {"model": "website.question", "pk": 12, "fields": {"text": "This was an activity that I couldn't do very well.", "questionnaire": 1}}, {"model": "website.submission", "pk": 32, "fields": {"study": 1, "session": "j1odzpvz5f5ibog8h67papw7gauirxc5", "list_p1": "[<Task: Task object (5)>, <Task: Task object (10)>, <Task: Task object (14)>, <Task: Task object (13)>]", "list_p2": "[<Task: Task object (7)>, <Task: Task object (3)>, <Task: Task object (11)>, <Task: Task object (2)>]", "list_m1": "[<Task: Task object (8)>, <Task: Task object (15)>, <Task: Task object (1)>, <Task: Task object (12)>]", "list_m2": "[<Task: Task object (6)>, <Task: Task object (4)>, <Task: Task object (9)>, <Task: Task object (16)>]", "terms_agree": false, "age": null, "gender": null, "finished": false}}]